timestamp,altitude,longitude,latitude,speed,accuracy
1557705616180,0.0,127.4049215,36.3925579,0.0,2299.999
1557707511440,85.5999984741,127.399212,36.3945045,0.0,15.29
1557709741185,0.0,127.3962434,36.3919335,0.0,2500.0
1557710294375,85.5,127.3992217,36.3945041,0.0,15.954
1557711518345,85.4000015259,127.3992306,36.3945696,0.0,16.32
1557711535343,82.5,127.399251,36.3947144,0.0,17.008
1557711574580,78.9000015259,127.3992322,36.3945733,0.0,39.747
1557711594439,78.1999969482,127.3994395,36.3944322,0.0,15.728
1557711599426,79.0999984741,127.3994218,36.3944777,1.1746161,12.847
1557711604451,79.0999984741,127.3995218,36.3944405,0.0,9.885
1557711605999,79.0999984741,127.3995939,36.3944103,0.0,9.58
1557711608999,79.0999984741,127.3996447,36.3943822,0.0,9.41
1557711614999,102.441823527,127.3996687,36.3943318,0.0,6.334
1557711621999,90.8836032679,127.3996762,36.3942858,1.3817545,4.236
1557711627999,86.5400336232,127.3997109,36.3942438,0.963687,4.086
1557711633999,84.5982525237,127.3997357,36.3941877,0.89172816,4.289
1557711637999,84.2047222676,127.3997613,36.3941323,1.0031627,4.074
1557711641999,83.8556276442,127.3997838,36.3940768,1.0901649,4.283
1557711645999,83.8527727575,127.3997942,36.3940276,1.1319201,4.075
1557711650999,83.9531999369,127.3998044,36.3939784,1.126616,4.104
1557711655999,83.5704918553,127.399823,36.3939259,1.1134176,4.159
1557711659999,83.6210641934,127.3998529,36.3938772,1.1651721,4.152
1557711662999,83.1302561728,127.3998867,36.3938386,1.2157897,4.067
1557711665999,82.3992676537,127.3999234,36.3937932,1.2550988,4.045
1557711668999,81.2976107665,127.3999622,36.39375,1.2446768,4.032
1557711671999,80.308490404,127.3999869,36.3937092,1.2112254,4.025
1557711674999,79.6951698249,127.4000095,36.3936604,0.8077772,4.809
1557711678999,79.3340471706,127.400038,36.3936184,1.21629,4.556
1557711681999,79.7099720337,127.4000748,36.393583,1.4550422,4.585
1557711684999,78.4789400298,127.4001248,36.3935559,1.5325814,4.484
1557711688999,76.6005575596,127.4001839,36.3935235,1.5420063,4.527
1557711692999,74.7322366425,127.4002377,36.3935044,1.5063138,4.569
1557711696999,73.985295514,127.4003014,36.3934913,1.5184085,4.321
1557711700999,73.0754104518,127.4003631,36.3934818,1.5045059,4.564
1557711704999,72.4489649653,127.4004326,36.3934768,1.507338,4.769
1557711708999,72.1867643766,127.4005001,36.3934754,1.5435634,4.524
1557711712999,71.9709100211,127.4005743,36.3934774,1.5493076,4.301
1557711716999,72.9437173461,127.4006407,36.3934789,1.4929222,4.464
1557711721999,72.0244051685,127.4007001,36.3934703,1.2553256,4.222
1557711729999,71.9251633928,127.4007102,36.3934252,0.6338309,5.09
1557711768240,70.0,127.4004138,36.3932723,0.0,33.185
1557711826044,0.0,127.4008435,36.393338,0.0,17.741
1557711828999,0.0,127.4009433,36.3933224,2.2423973,13.211
1557711830999,0.0,127.4010244,36.3932995,3.5727227,11.666
1557711831999,78.8270587416,127.4015261,36.3931295,4.089819,10.0
1557711832999,77.985873643,127.4015832,36.3931282,4.412193,10.0
1557711834999,74.638007582,127.4016834,36.3931187,4.6341066,10.0
1557711836135,0.0,127.4015298,36.3931492,4.6322656,8.298
1557711837999,0.0,127.4013369,36.3931826,4.532783,9.78
1557711838999,0.0,127.4012726,36.3931878,4.5616574,10.217
1557711840999,0.0,127.4011979,36.3931739,4.8151293,10.697
1557711841999,70.3157760679,127.4017875,36.392846,7.1725464,6.0
1557711842999,69.2366682228,127.4017741,36.3927632,7.591077,6.0
1557711843999,69.22846854,127.4017669,36.3926925,6.947385,8.0
1557711844999,68.0440331955,127.401758,36.3926246,5.8404765,8.0
1557711845999,68.6235642412,127.4017467,36.3925744,4.796241,8.0
1557711847999,68.657318491,127.4017206,36.3925299,2.6496606,6.327
1557711849999,67.423978398,127.4016686,36.3925136,3.0544226,6.131
1557711851999,66.9489168205,127.4015167,36.3925019,5.759961,8.0
1557711852999,67.4312961632,127.401431,36.3925055,7.7878203,8.0
1557711853999,67.4319689616,127.4013218,36.3925085,8.64633,8.0
1557711854999,67.3772370023,127.4012102,36.3925122,9.581752,8.0
1557711855999,67.9684676004,127.4010838,36.3925169,10.38015,6.0
1557711856999,67.9071231908,127.4009654,36.3925194,10.244576,6.0
1557711857999,68.0269659871,127.400849,36.3925211,10.185681,6.0
1557711858999,67.8506734135,127.4007351,36.3925239,10.238001,6.0
1557711859999,67.8372807933,127.4006199,36.392524,10.134906,6.0
1557711860999,67.6615771635,127.4005079,36.3925275,9.7644205,8.0
1557711861999,67.9053645311,127.4003995,36.3925285,9.748806,8.0
1557711862999,67.644462387,127.4002945,36.3925282,10.071174,8.0
1557711863999,67.2639863255,127.4001847,36.3925303,10.226824,8.0
1557711864999,67.3057622539,127.4000703,36.3925321,10.573339,6.0
1557711865999,67.204186439,127.3999526,36.3925336,10.117058,8.0
1557711866999,67.1846785478,127.3998419,36.3925349,9.496178,8.0
1557711867999,67.4469016514,127.399736,36.3925359,8.962248,8.0
1557711868999,67.4128026139,127.3996397,36.3925362,8.111244,8.0
1557711869999,67.1521841623,127.3995581,36.3925193,7.39515,6.0
1557711870999,67.8730744857,127.3994896,36.3924793,7.2144628,6.0
1557711871999,67.4482564905,127.3994461,36.3924248,7.090715,6.0
1557711872999,67.2260254336,127.3994214,36.3923602,7.787962,6.0
1557711873999,67.3721330058,127.3994246,36.3922851,8.919803,6.0
1557711874999,67.5886219854,127.3994237,36.3922016,9.263675,6.0
1557711875999,67.5759733178,127.3994221,36.3921153,8.818321,6.0
1557711876999,67.8463752894,127.3994234,36.3920327,8.666152,8.0
1557711877999,67.5070266813,127.3994248,36.391953,8.715811,8.0
1557711878999,67.1049114629,127.3994275,36.3918706,8.810983,8.0
1557711879999,67.5570623618,127.3994265,36.3917905,8.807403,8.0
1557711880999,67.5869480106,127.3994253,36.3917124,8.390917,8.0
1557711881999,67.0350002944,127.3994207,36.3916406,7.857789,8.0
1557711882999,67.3161338297,127.3994097,36.3915717,7.26494,8.0
1557711883999,67.6333392224,127.3993838,36.3915091,7.2691803,8.0
1557711884999,66.5986832497,127.3993459,36.3914479,7.0640535,8.0
1557711885999,66.2392882171,127.3993127,36.3913871,6.8268323,8.0
1557711886999,66.3050442066,127.3993094,36.391324,7.115815,8.0
1557711887999,66.7654560793,127.3993561,36.3912571,7.080308,8.0
1557711888999,66.7461578127,127.3994076,36.3911988,6.812508,8.0
1557711889999,66.6125541315,127.3994447,36.3911423,6.7137885,8.0
1557711890999,66.0062462931,127.3994734,36.3910845,6.8194613,8.0
1557711891999,65.289315836,127.3994915,36.3910208,7.0581164,8.0
1557711892999,64.2898753945,127.3994973,36.3909435,8.154126,12.0
1557711893999,64.3913582853,127.3994987,36.3908632,8.543959,12.0
1557711894999,63.9553352247,127.399502,36.3907773,8.674096,12.0
1557711895999,66.020642784,127.399487,36.3906894,9.54331,8.0
1557711896999,66.1369085513,127.3994804,36.3906038,9.258409,8.0
1557711897999,66.3366218471,127.399476,36.3905183,9.008467,8.0
1557711898999,66.1858325986,127.3994747,36.3904363,8.531373,8.0
1557711899999,66.2310358035,127.3994678,36.3903613,8.030674,6.0
1557711900999,66.4283974063,127.3994624,36.3902979,6.9381704,6.0
1557711901999,66.9108693797,127.3994552,36.390246,5.6270533,6.0
1557711903999,67.6692762021,127.3994423,36.3901919,2.6974242,5.217
1557711912999,70.6142103286,127.3994241,36.3901485,3.16321,4.128
1557711913999,70.3983246979,127.3993803,36.390094,4.4387155,6.0
1557711914999,72.0986082323,127.399304,36.3900797,6.8239746,6.0
1557711915999,72.3057452269,127.3992068,36.3900746,8.50247,6.0
1557711916999,72.4435930879,127.3990898,36.390072,10.3088045,6.0
1557711917999,72.5513844147,127.3989583,36.3900709,11.63969,4.0
1557711918999,72.7222991385,127.3988127,36.3900704,12.996525,4.0
1557711919999,72.4054040604,127.398654,36.3900716,14.184095,4.0
1557711920999,72.6291010469,127.3984783,36.3900728,15.703643,4.0
1557711921999,72.9232084275,127.3982937,36.3900829,16.57892,4.0
1557711922999,73.481456149,127.3980994,36.3901008,17.541044,4.0
1557711923999,74.0332049679,127.3978986,36.3901288,18.337864,4.0
1557711924999,74.2032930111,127.3976933,36.3901576,18.877691,4.0
1557711925999,74.6521933015,127.3974835,36.3902009,19.267624,4.0
1557711926999,75.2373598492,127.3972717,36.3902502,19.644617,4.0
1557711927999,75.6705320856,127.3970599,36.3903062,20.005754,4.0
1557711928999,76.1505032868,127.3968466,36.3903712,20.383215,4.0
1557711929999,76.642032475,127.3966332,36.3904448,20.749737,6.0
1557711930999,77.0460266704,127.3964219,36.3905285,20.99997,6.0
1557711931999,77.3773883302,127.3962163,36.3906194,20.975988,6.0
1557711932999,77.6187013593,127.3960164,36.3907136,20.636938,6.0
1557711933999,77.9188665283,127.3958177,36.3908003,20.170527,4.0
1557711934999,78.1223977148,127.3956123,36.3908747,20.10495,6.0
1557711935999,78.3751046944,127.3954012,36.390937,20.115635,6.0
1557711936999,78.7432748059,127.3951816,36.3909848,20.318031,6.0
1557711937999,78.9305979913,127.3949577,36.3910236,20.462955,6.0
1557711938999,79.4683841821,127.3947293,36.3910531,20.649677,6.0
1557711939999,79.6889640266,127.3944976,36.3910697,20.776793,6.0
1557711940999,80.1080911185,127.3942641,36.3910682,20.874825,6.0
1557711941999,80.3909464709,127.3940307,36.3910531,20.977083,6.0
1557711942999,80.779294901,127.3938015,36.391029,20.62559,6.0
1557711943999,81.0473277208,127.3935789,36.3909977,20.186705,6.0
1557711944999,81.4008590303,127.3933579,36.3909609,20.20003,6.0
1557711945999,81.8182937148,127.3931387,36.3909211,20.2784,6.0
1557711946999,82.2179333924,127.3929194,36.3908777,20.211042,6.0
1557711947999,82.4850503003,127.392701,36.3908323,20.11515,6.0
1557711948999,82.8301229141,127.3924847,36.3907872,20.022848,6.0
1557711949999,83.1644833033,127.3922672,36.3907399,20.099415,6.0
1557711950999,83.5537193342,127.3920482,36.3906941,20.249706,4.0
1557711951999,83.8849467468,127.3918269,36.3906496,20.36477,4.0
1557711952999,84.2379436395,127.391607,36.3906055,20.302393,4.0
1557711953999,84.5797715079,127.3913905,36.3905617,20.003656,4.0
1557711954999,84.9788702106,127.3911765,36.390518,19.709993,6.0
1557711955999,85.4311154142,127.3909649,36.390474,19.524889,6.0
1557711956999,85.9708726705,127.3907571,36.3904309,19.215979,6.0
1557711957999,86.2917201784,127.390554,36.3903871,18.817081,4.0
1557711958999,86.2219040397,127.3903519,36.3903458,18.248718,6.0
1557711959999,87.1055917525,127.3901551,36.3903075,17.827644,8.0
1557711960999,88.0840125544,127.3899654,36.3902631,17.704973,8.0
1557711961999,89.0908629282,127.3897755,36.3902162,17.424456,8.0
1557711962999,90.5198667189,127.3895903,36.3901651,17.608574,8.0
1557711963999,91.4712846979,127.389399,36.3901214,17.561049,8.0
1557711964999,92.2331495374,127.3892119,36.3900755,17.574953,8.0
1557711965999,93.0287475462,127.3890232,36.3900259,17.640263,8.0
1557711966999,94.4239588225,127.3888375,36.3899744,17.525414,8.0
1557711967999,94.1975798061,127.3886523,36.3899194,17.870512,8.0
1557711968999,95.4281107194,127.3884589,36.3898749,17.997448,8.0
1557711969999,96.2975407099,127.3882685,36.389818,18.138834,8.0
1557711970999,97.1950852656,127.3880749,36.3897642,18.234524,8.0
1557711971999,98.0298670627,127.3878799,36.3897146,18.36231,6.0
1557711972999,98.0568786313,127.3876844,36.3896624,18.484476,8.0
1557711973999,99.1739089862,127.3874875,36.3896058,18.580761,8.0
1557711974999,99.4979135316,127.3872919,36.3895519,18.572895,8.0
1557711975999,100.153199535,127.387092,36.389496,18.900867,8.0
1557711976999,100.886102811,127.386894,36.3894397,18.496157,12.0
1557711977999,100.671934873,127.3866936,36.3893848,18.63418,12.0
1557712000999,98.4821855268,127.3816864,36.3885921,17.85244,32.0
1557712001999,108.243625521,127.3814889,36.3886716,16.659685,32.0
1557712002999,109.60740762,127.381299,36.3886439,16.71074,16.0
1557712003999,109.529503966,127.3811142,36.3886207,17.096718,12.0
1557712004999,109.2151575,127.3809165,36.388612,17.263813,12.0
1557712005999,108.597116516,127.3807249,36.3885976,17.527624,12.0
1557712006999,108.106367252,127.3805375,36.3885856,17.761196,8.0
1557712007999,107.718422509,127.3803464,36.3885696,17.887676,8.0
1557712008999,107.20083795,127.3801475,36.3885633,18.038673,8.0
1557712009999,105.852078476,127.379958,36.3885665,17.229431,8.0
1557712010999,104.357057396,127.379771,36.3885637,16.10085,12.0
1557712011999,103.525034688,127.3796026,36.3885626,14.385476,12.0
1557712012999,102.400270214,127.3794576,36.3885672,11.58236,12.0
1557712013999,101.557269385,127.3793416,36.3885794,8.860135,12.0
1557712014999,101.162738794,127.3792613,36.3885792,7.385891,8.0
1557712015999,100.89929474,127.3792,36.3885837,5.546184,8.0
1557712017999,100.737406461,127.3791345,36.3885875,3.3971725,6.902
1557712066999,100.823474684,127.3790717,36.3885942,0.0,3.867
1557712143999,100.518026449,127.3790096,36.3885976,3.417075,4.734
1557712144999,100.417748649,127.3789311,36.3885991,4.363789,6.0
1557712145999,100.35843182,127.3788719,36.3885978,5.361762,6.0
1557712146999,100.429579228,127.3788056,36.388587,6.098406,6.0
1557712147999,100.556936995,127.3787384,36.3885668,6.3604994,6.0
1557712148999,100.27251197,127.3786732,36.3885333,6.845839,6.0
1557712149999,100.101368554,127.3786064,36.3884986,7.3102193,6.0
1557712150999,99.658694314,127.3785659,36.3884402,7.39351,6.0
1557712151999,99.5825212613,127.3785264,36.3883816,7.3019304,6.0
1557712152999,98.904148559,127.3785232,36.3883134,7.3923955,6.0
1557712153999,98.4848759799,127.3785264,36.3882416,7.861162,6.0
1557712154999,97.9694112301,127.3785306,36.3881587,9.001063,6.0
1557712155999,97.3820773845,127.3785318,36.3880673,9.908652,4.0
1557712156999,96.7558005159,127.3785317,36.3879664,11.109416,4.0
1557712157999,96.0528394282,127.3785323,36.3878545,12.271702,4.0
1557712158999,95.1059431324,127.3785318,36.3877355,13.198452,4.0
1557712159999,94.2278606067,127.3785324,36.3876094,13.988718,6.0
1557712160999,93.3722891228,127.378534,36.3874797,14.428627,6.0
1557712161999,92.4060713875,127.3785343,36.3873468,14.674915,6.0
1557712162999,91.3942044626,127.3785339,36.3872128,14.872,6.0
1557712163999,90.6251294871,127.3785338,36.3870759,15.103653,4.0
1557712164999,90.274724257,127.3785332,36.3869388,15.211186,4.0
1557712165999,89.947581127,127.3785328,36.3868066,14.688691,4.0
1557712166999,89.5601388378,127.3785328,36.3866826,13.772793,6.0
1557712167999,89.113809302,127.3785332,36.3865705,12.519886,6.0
1557712168999,88.9012371744,127.3785329,36.3864649,11.167439,6.0
1557712169999,88.7826774769,127.3785337,36.3863729,9.481131,6.0
1557712170999,88.078359708,127.3785288,36.3862993,8.213185,6.0
1557712171999,87.76165707,127.3785318,36.3862338,6.7168903,6.0
1557712172999,87.4642460299,127.3785303,36.3861789,6.1646137,6.0
1557712174999,86.6787798493,127.378526,36.3861221,2.6928656,5.968
1557712248999,87.196027839,127.378499,36.3860813,1.7063127,5.289
1557712251999,87.784090454,127.3784845,36.3860361,3.0721195,5.918
1557712252999,87.7605991063,127.3784848,36.3859669,4.226308,8.0
1557712253999,87.8150831719,127.3784884,36.3859187,5.4437237,8.0
1557712254999,87.7605598933,127.3784866,36.3858635,6.2075777,8.0
1557712255999,87.8717902821,127.3784885,36.3858003,7.054133,6.0
1557712256999,87.7509014472,127.3784888,36.3857272,8.091847,6.0
1557712257999,87.7571373336,127.3784875,36.3856534,8.211578,6.0
1557712258999,87.7005772214,127.3784873,36.3855806,8.066311,6.0
1557712259999,87.5701940639,127.3784875,36.3855061,8.24254,6.0
1557712260999,88.4164449567,127.3784898,36.3854223,9.297411,6.0
1557712261999,88.2905250625,127.378493,36.385334,9.789014,4.0
1557712262999,88.1333850306,127.3784983,36.385239,10.448477,4.0
1557712263999,88.0371550688,127.3784982,36.3851379,11.160398,4.0
1557712264999,87.5972631228,127.3784975,36.3850302,11.979782,4.0
1557712265999,87.0970729454,127.3784971,36.3849142,12.9382925,4.0
1557712266999,86.7679736038,127.378498,36.3847945,13.574961,6.0
1557712267999,86.478920997,127.3784976,36.3846621,14.752345,4.0
1557712268999,86.0487702586,127.3785014,36.384522,15.446505,4.0
1557712269999,85.810163237,127.3785033,36.3843782,15.930054,4.0
1557712270999,85.3490387928,127.3785054,36.3842336,15.988521,4.0
1557712271999,84.781567267,127.3785074,36.384087,16.22489,4.0
1557712272999,84.2617989532,127.378509,36.3839372,16.622793,4.0
1557712273999,83.8162703472,127.3785107,36.3837849,16.909973,4.0
1557712274999,83.1140102564,127.3785127,36.3836307,17.08154,4.0
1557712275999,82.5561211106,127.3785144,36.3834735,17.42681,4.0
1557712276999,81.9506025424,127.3785158,36.3833118,17.909245,6.0
1557712277999,81.462673973,127.3785163,36.3831481,18.143429,6.0
1557712278999,80.9695893925,127.3785174,36.3829838,18.188496,6.0
1557712279999,80.3538123688,127.3785155,36.3828206,18.066044,3.9
1557712280999,79.7522881138,127.3785148,36.3826586,17.957455,3.9
1557712281999,79.1482374329,127.3785148,36.3824975,17.831583,3.9
1557712282999,78.5320848497,127.3785166,36.382338,17.654655,4.0
1557712283999,78.1855046387,127.3785163,36.3821801,17.503906,3.9
1557712284999,77.9492815566,127.3785166,36.3820245,17.259106,3.9
1557712285999,77.9279243683,127.3785162,36.3818716,16.952108,3.9
1557712286999,77.8679317395,127.3785173,36.381722,16.595083,3.9
1557712287999,77.8899401843,127.3785169,36.3815754,16.230314,4.0
1557712288999,77.7548875472,127.3785174,36.3814312,15.997348,4.0
1557712289999,77.8265914098,127.3785177,36.38129,15.736526,4.0
1557712290999,77.6528742157,127.3785171,36.3811505,15.496788,4.0
1557712291999,77.6282628674,127.3785253,36.3810103,15.37558,6.0
1557712292999,76.9279977012,127.3785255,36.3808739,15.156717,6.0
1557712293999,76.8393195869,127.3785297,36.3807367,15.193666,6.0
1557712294999,76.7072252509,127.3785322,36.3805981,15.151114,6.0
1557712295999,76.6696638208,127.3785357,36.3804642,14.806752,4.0
1557712296999,76.661574567,127.3785342,36.3803343,14.462138,4.0
1557712297999,76.6876643648,127.3785347,36.3802065,14.09438,4.0
1557712298999,76.5387893425,127.3785326,36.3800819,13.756453,4.0
1557712299999,76.5846073638,127.3785326,36.3799592,13.518173,4.0
1557712300999,76.6130419942,127.378528,36.3798351,13.684727,4.0
1557712301999,76.5465206579,127.378522,36.3797083,14.155726,4.0
1557712302999,76.4710060513,127.3785158,36.3795773,14.603275,4.0
1557712303999,76.2114824461,127.3785095,36.3794425,14.835311,6.0
1557712304999,76.1303445037,127.3785081,36.3793049,15.175836,8.0
1557712305999,75.9394346963,127.3785085,36.3791591,16.132008,8.0
1557712306999,75.1146503839,127.3785091,36.3790087,16.207687,8.0
1557712307999,75.1022331461,127.3785195,36.3788647,15.853835,8.0
1557712308999,74.9075943358,127.3785293,36.3787304,14.005466,8.0
1557712309999,75.1589027532,127.3785415,36.3786057,13.538672,8.0
1557712310999,75.1661986629,127.3785511,36.3784865,13.309766,12.0
1557712311999,74.6538013535,127.378566,36.3783844,11.421379,12.0
1557712312999,74.3879020831,127.3785884,36.3783029,8.422509,12.0
1557712314999,74.567310668,127.3786333,36.3782254,5.178172,8.0
1557712315999,74.404465235,127.3786534,36.3781809,5.759075,8.0
1557712316999,74.350722921,127.3786743,36.3781232,7.0022864,8.0
1557712317999,74.2226201835,127.3786921,36.378052,8.214101,8.0
1557712318999,73.911987682,127.3787156,36.3779715,9.04743,6.0
1557712319999,73.6017342663,127.3787485,36.3778916,9.847826,6.0
1557712320999,73.40413477,127.3787789,36.3778006,10.927526,6.0
1557712321999,73.1952596003,127.378812,36.3776968,11.798613,6.0
1557712322999,72.9715041551,127.3788467,36.3775927,12.070262,4.0
1557712323999,72.6835055424,127.3788826,36.3774834,12.494407,4.0
1557712324999,72.5488939013,127.378918,36.3773724,12.768978,4.0
1557712325999,72.3950341332,127.3789542,36.3772595,12.846594,4.0
1557712326999,72.1622231159,127.3789926,36.3771468,13.149171,4.0
1557712327999,72.0541310973,127.3790304,36.3770277,13.694131,4.0
1557712328999,71.8889973172,127.3790692,36.3769058,13.955894,4.0
1557712329999,71.7906073157,127.3791072,36.3767817,14.188827,4.0
1557712330999,71.7690385126,127.3791456,36.3766585,14.140775,3.9
1557712331999,71.6899439119,127.3791833,36.3765352,14.11751,3.9
1557712332999,71.4949876778,127.3792184,36.3764113,13.816851,6.0
1557712333999,71.3911824347,127.3792536,36.3762916,13.590429,6.0
1557712334999,71.1783576195,127.3792915,36.3761763,13.313046,6.0
1557712335999,71.0672000382,127.3793238,36.3760591,13.191538,6.0
1557712336999,71.0811472838,127.3793529,36.3759434,13.049952,4.0
1557712337999,71.113642516,127.3793805,36.3758301,12.79376,4.0
1557712338999,71.0943203464,127.3794037,36.37572,12.503362,4.0
1557712339999,70.9965358432,127.379422,36.3756088,12.471028,4.0
1557712340999,70.9892834773,127.3794393,36.3754979,12.511767,6.0
1557712341999,70.9684895743,127.3794505,36.3753888,12.267686,4.0
1557712342999,70.82821312,127.3794574,36.3752817,11.913434,4.0
1557712343999,70.766651479,127.3794616,36.3751817,11.292414,4.0
1557712344999,70.7591861621,127.3794658,36.3750867,10.584794,4.0
1557712345999,70.6706108965,127.3794642,36.3750011,9.608039,4.0
1557712346999,70.4737340125,127.3794553,36.3749226,8.747471,4.0
1557712347999,70.3270110297,127.379437,36.3748534,7.9095798,4.0
1557712348999,70.4004096749,127.3794002,36.3747918,7.5281477,4.0
1557712349999,70.0901893468,127.3793579,36.374733,7.5975857,6.0
1557712350999,70.1943119036,127.3792761,36.3746916,8.86403,6.0
1557712351999,70.3843423408,127.379176,36.3746406,10.332683,6.0
1557712352999,70.4961250088,127.3790615,36.3745807,12.009827,6.0
1557712353999,70.5051444888,127.3789323,36.3745128,13.599368,4.0
1557712354999,70.6041873854,127.3787893,36.3744373,15.13191,4.0
1557712355999,70.7651736606,127.3786328,36.3743567,16.442362,4.0
1557712356999,70.7366521682,127.3784679,36.3742686,17.583738,4.0
1557712357999,70.8814305901,127.3782953,36.3741778,18.717926,4.0
1557712358999,70.8946154089,127.3781097,36.3740795,19.808256,4.0
1557712359999,70.9927153458,127.3779155,36.373976,20.802864,4.0
1557712360999,71.0605231361,127.3777158,36.3738676,21.482016,4.0
1557712361999,71.1090362268,127.3775085,36.3737561,22.184597,4.0
1557712362999,71.135380537,127.3772959,36.3736413,22.848394,4.0
1557712363999,71.2198767756,127.377077,36.3735232,23.513704,4.0
1557712364999,71.2483714021,127.3768528,36.373401,24.181768,4.0
1557712365999,71.2143549726,127.3766219,36.3732757,24.833134,4.0
1557712366999,71.2821829844,127.3763824,36.3731489,25.51114,4.0
1557712367999,71.3347364408,127.3761389,36.3730183,26.145365,4.0
1557712368999,71.3944587616,127.3758904,36.3728832,26.79934,4.0
1557712369999,71.4229986966,127.3756424,36.3727482,26.781889,4.0
1557712370999,71.5069602907,127.3753966,36.3726167,26.458567,4.0
1557712371999,71.4952484685,127.375153,36.3724858,26.144728,4.0
1557712372999,71.5023091196,127.3749122,36.3723559,25.945375,3.9
1557712373999,71.4793641739,127.3746721,36.3722277,25.843477,4.0
1557712374999,71.442520435,127.3744319,36.3720972,25.94923,3.9
1557712375999,71.5497306139,127.374191,36.371966,25.99396,3.9
1557712376999,71.6176207984,127.3739551,36.3718319,25.890423,3.9
1557712377999,71.656929843,127.3737247,36.3716921,25.85724,3.9
1557712378999,71.7400368466,127.3734982,36.3715451,26.081459,3.9
1557712379999,71.7654907325,127.3732725,36.3713934,26.375616,3.9
1557712380999,71.8106935684,127.3730434,36.3712407,26.677258,3.9
1557712381999,71.8905789246,127.3728125,36.3710866,26.909382,3.9
1557712382999,72.0230256517,127.3725802,36.3709312,27.042952,3.9
1557712383999,72.1094981783,127.3723491,36.3707763,26.87829,3.9
1557712384999,72.1509219931,127.3721198,36.3706237,26.617691,3.9
1557712385999,72.2400971475,127.3718935,36.370473,26.230293,3.9
1557712386999,72.3173272627,127.3716718,36.3703264,25.69805,4.0
1557712387999,72.4260577405,127.3714537,36.3701823,25.216318,3.9
1557712388999,72.4706691284,127.371241,36.3700416,24.719267,3.9
1557712389999,72.6088670405,127.3710323,36.3699034,24.219463,3.9
1557712390999,72.6837802524,127.3708315,36.3697714,23.216211,3.9
1557712391999,72.580406421,127.3706485,36.3696503,21.182999,3.9
1557712392999,72.5541938428,127.3704892,36.369546,18.297466,3.9
1557712393999,72.6599267883,127.3703585,36.3694579,15.28829,3.9
1557712394999,72.6158512887,127.370246,36.3693835,13.027841,3.0
1557712395999,72.5397884732,127.3701407,36.3693158,12.114155,3.9
1557712396999,72.4192278935,127.370037,36.3692493,11.848743,3.9
1557712397999,72.3654608258,127.369934,36.3691827,11.863516,3.9
1557712398999,72.2999185321,127.3698242,36.3691121,12.647878,3.9
1557712399999,72.1792745312,127.3697067,36.3690349,13.656952,3.9
1557712400999,72.0942982258,127.3695802,36.3689513,14.681283,3.9
1557712401999,71.946810956,127.369445,36.3688613,15.71534,3.9
1557712402999,71.815297616,127.3693007,36.3687656,16.711645,3.9
1557712403999,71.6689629675,127.3691492,36.3686677,17.403696,3.9
1557712404999,71.5488847703,127.3689942,36.3685667,17.866785,3.9
1557712405999,71.4219285259,127.3688369,36.3684637,18.211432,4.0
1557712406999,71.3226779898,127.368677,36.3683585,18.57197,3.9
1557712407999,71.3563446001,127.3685155,36.3682512,18.78099,4.0
1557712408999,71.3854704455,127.3683551,36.3681438,18.681105,3.9
1557712409999,71.4433143312,127.3681953,36.3680379,18.5764,3.9
1557712410999,71.5335720748,127.3680371,36.3679334,18.355278,3.0
1557712411999,71.671384583,127.3678817,36.3678307,18.00552,3.9
1557712412999,71.7469228343,127.36773,36.3677301,17.599659,3.9
1557712413999,71.7789354672,127.3675815,36.3676315,17.259453,3.9
1557712414999,71.8879346724,127.3674362,36.3675343,16.940962,3.0
1557712415999,71.9318791789,127.3672942,36.3674386,16.58685,3.9
1557712416999,71.8870333637,127.3671553,36.3673433,16.34452,3.9
1557712417999,71.8432228523,127.3670192,36.367249,16.06982,3.9
1557712418999,71.7517578956,127.3668841,36.3671559,15.922651,3.9
1557712419999,71.6219980784,127.366749,36.3670628,15.932474,4.0
1557712420999,71.5001822193,127.3666124,36.3669692,16.05143,3.9
1557712421999,71.4043122739,127.3664747,36.3668752,16.141579,3.9
1557712422999,71.2952191296,127.366337,36.3667821,16.122839,3.9
1557712423999,71.2711982696,127.3662003,36.3666906,15.879079,3.9
1557712424999,71.2486358654,127.3660647,36.3666021,15.652487,4.0
1557712425999,71.2498993871,127.3659289,36.3665162,15.47792,4.0
1557712426999,71.2305607975,127.3657923,36.3664323,15.369296,3.9
1557712427999,71.1913476301,127.3656551,36.3663506,15.264224,3.9
1557712428999,71.20768413,127.3655174,36.366272,15.112372,3.0
1557712429999,71.1841217172,127.3653812,36.3661971,14.785018,3.9
1557712430999,71.18312256,127.3652467,36.366126,14.40858,3.0
1557712431999,71.169095635,127.3651144,36.3660587,13.984391,3.9
1557712432999,71.0965577503,127.3649829,36.365998,13.575361,3.9
1557712433999,71.0428780458,127.3648516,36.3659456,13.15434,3.9
1557712434999,70.9327180086,127.3647268,36.3658992,12.316881,3.9
1557712435999,70.9175559061,127.3646097,36.3658549,11.599434,3.9
1557712436999,70.8285467516,127.3644984,36.365811,11.10103,3.9
1557712437999,70.8972228994,127.3643989,36.3657737,9.831658,3.9
1557712438999,70.7182221643,127.3643165,36.3657525,7.7203236,3.9
1557712439999,70.6303816616,127.3642546,36.3657432,5.6285214,3.9
1557712441999,70.4519607037,127.3641963,36.3657401,3.248576,3.644
1557712443999,70.5846939432,127.3641325,36.3657409,3.035877,3.578
1557712445999,70.3703407407,127.3640256,36.3657523,4.03567,4.0
1557712447999,70.205948403,127.3639253,36.365779,4.848023,4.0
1557712449999,70.2284406022,127.3638344,36.3658213,4.688061,4.0
1557712450999,70.2368088387,127.3637948,36.3658539,5.3372865,4.0
1557712451999,70.1999009879,127.3637564,36.3658917,5.420201,4.0
1557712452999,70.2348835563,127.3637221,36.3659292,5.376756,4.0
1557712453999,70.137647301,127.3636884,36.3659677,5.2474575,4.0
1557712454999,70.1125518175,127.3636533,36.3660096,5.5748687,4.0
1557712455999,70.116823433,127.3636126,36.3660581,6.5037966,4.0
1557712456999,70.1628333563,127.3635649,36.3661143,7.6200056,4.0
1557712457999,70.1926551306,127.3635123,36.3661769,8.461382,4.0
1557712458999,69.6907180578,127.3634571,36.3662424,9.61886,6.0
1557712459999,69.769634901,127.3633982,36.3663178,10.090936,6.0
1557712460999,69.7903047519,127.3633302,36.3663984,10.88764,6.0
1557712461999,69.7794796839,127.3632595,36.3664848,11.539861,6.0
1557712462999,69.7943417775,127.3631861,36.3665724,11.6921625,6.0
1557712463999,69.8728738904,127.3631165,36.3666597,11.542657,6.0
1557712464999,69.9437882713,127.3630476,36.3667429,11.193463,6.0
1557712465999,70.0091635787,127.3629773,36.3668258,11.176589,6.0
1557712466999,70.0332746419,127.3629105,36.3669094,11.180193,4.0
1557712467999,69.9442154792,127.3628464,36.3669907,10.582391,8.0
1557712468999,69.9826096596,127.3627776,36.3670681,10.330408,8.0
1557712469999,70.2275195308,127.3627193,36.3671425,9.86058,6.0
1557712470999,70.2779468585,127.3626656,36.367212,9.393993,6.0
1557712471999,70.2935140589,127.3626125,36.3672816,9.516011,6.0
1557712472999,70.3703156219,127.3625595,36.3673624,10.219892,6.0
1557712473999,70.43356571,127.362502,36.3674519,11.036324,4.0
1557712474999,70.4489737367,127.3624439,36.367547,11.705541,4.0
1557712475999,70.4553693125,127.362387,36.3676417,11.643828,4.0
1557712476999,70.2522344907,127.3623306,36.367733,10.971285,6.0
1557712477999,70.310620175,127.362277,36.3678219,10.69241,6.0
1557712478999,70.3752454508,127.3622247,36.3679034,10.225339,6.0
1557712479999,70.4056637135,127.3621726,36.367984,9.956515,6.0
1557712480999,70.5234180071,127.3621206,36.3680646,10.051707,4.0
1557712481999,70.5562263711,127.3620697,36.3681528,10.489183,4.0
1557712482999,70.5950042939,127.3620175,36.3682375,10.377719,4.0
1557712483999,70.520863288,127.361967,36.3683191,10.0513735,4.0
1557712484999,70.5052541831,127.3619174,36.3684031,10.311786,4.0
1557712485999,70.5256023357,127.3618656,36.3684908,10.79544,4.0
1557712486999,70.6269898058,127.3618133,36.3685766,10.70804,4.0
1557712487999,70.9016965852,127.3617613,36.3686586,10.244545,4.0
1557712488999,70.8368709692,127.3617079,36.36874,10.341013,4.0
1557712489999,70.9540496122,127.3616501,36.3688262,10.974634,4.0
1557712490999,71.108348148,127.3615887,36.3689144,11.267282,4.0
1557712491999,71.3765675348,127.361527,36.3689984,10.825671,4.0
1557712492999,71.4924187498,127.3614678,36.3690767,10.235388,3.9
1557712493999,71.6515981861,127.3614071,36.3691549,10.381886,3.9
1557712494999,71.9443015439,127.3613389,36.3692388,11.106776,3.9
1557712495999,72.1081894657,127.3612648,36.3693264,11.692409,3.9
1557712496999,72.4214626173,127.3611911,36.3694114,11.482345,3.9
1557712497999,72.4531166731,127.3611226,36.369492,10.791404,3.9
1557712498999,72.639463088,127.3610538,36.36957,10.605838,3.9
1557712499999,72.859598751,127.3609838,36.3696515,10.96334,3.9
1557712500999,72.994449291,127.3609154,36.3697296,10.59223,3.9
1557712501999,73.1194568962,127.360849,36.3698039,10.150901,3.9
1557712502999,73.2799024562,127.3607768,36.3698784,10.476496,3.9
1557712503999,73.5361320595,127.3607026,36.3699506,10.403477,3.9
1557712504999,73.5829448848,127.3606321,36.3700179,9.8874445,3.9
1557712505999,73.668540902,127.3605604,36.370084,9.803796,3.9
1557712506999,73.7321892248,127.360483,36.3701503,10.084903,3.9
1557712507999,73.7847668949,127.3604072,36.3702129,9.769842,3.9
1557712508999,73.8566140308,127.3603277,36.3702777,10.127097,3.0
1557712509999,73.9375457122,127.3602437,36.3703469,10.779695,4.0
1557712510999,73.9778802303,127.3601593,36.3704149,10.641603,3.9
1557712511999,74.0342241227,127.3600777,36.3704788,10.173594,3.9
1557712512999,74.1491359153,127.359999,36.3705378,9.617628,3.9
1557712513999,74.1188903853,127.3599228,36.3705932,9.143308,3.0
1557712514999,74.1765871719,127.3598478,36.3706473,9.012484,3.9
1557712515999,74.2837168294,127.3597706,36.3707012,9.160529,3.0
1557712516999,74.3376376484,127.3596947,36.3707522,8.911124,3.9
1557712517999,74.4300506175,127.3596255,36.3708006,8.243506,3.9
1557712518999,74.7018534424,127.3595736,36.3708515,7.3447227,3.9
1557712519999,74.8338287015,127.3595312,36.3709099,8.6157465,6.0
1557712520999,74.9290118547,127.3595401,36.3709729,6.174925,6.0
1557712521999,75.1713003227,127.3595494,36.3710389,6.971088,6.0
1557712522999,75.5254508131,127.3595506,36.3711063,7.365787,6.0
1557712523999,75.7972223265,127.3595543,36.3711775,7.8053007,4.0
1557712524999,76.0916286047,127.3595591,36.3712521,8.359893,4.0
1557712525999,76.4110308035,127.3595631,36.3713312,8.747748,4.0
1557712526999,76.7522960938,127.3595664,36.3714071,8.212567,4.0
1557712527999,76.8963721181,127.359568,36.371478,7.712134,4.0
1557712528999,77.1960773505,127.3595687,36.3715476,7.7658787,4.0
1557712529999,77.4226955972,127.3595691,36.3716214,8.134693,4.0
1557712530999,77.651230169,127.3595699,36.3716974,8.483541,4.0
1557712531999,77.9470334233,127.3595699,36.3717715,8.287098,3.9
1557712532999,77.9260006404,127.3595719,36.3718443,7.9633446,3.9
1557712533999,78.1356561657,127.3595726,36.3719124,7.6245728,3.9
1557712534999,79.0703218937,127.3595738,36.371979,7.350661,3.9
1557712535999,79.0384955467,127.3595758,36.3720452,7.2914124,4.0
1557712536999,79.0800130108,127.3595772,36.3721139,7.6143227,3.9
1557712537999,79.1194484151,127.3595769,36.3721838,7.651129,3.9
1557712538999,79.22449445,127.3595777,36.3722499,7.3612084,3.9
1557712539999,78.9396496602,127.359578,36.3723177,7.605572,3.9
1557712540999,79.0781656736,127.3595791,36.3723822,7.0561433,3.9
1557712541999,79.1314765898,127.3595818,36.3724456,7.0270495,3.9
1557712542999,79.0764826929,127.3595849,36.3725067,6.7902026,3.9
1557712543999,79.0702720242,127.3595874,36.3725651,6.457583,3.9
1557712544999,79.0428520386,127.3595889,36.3726204,6.138783,3.9
1557712545999,78.9332235908,127.3595901,36.3726725,5.819435,4.0
1557712546999,78.6773678556,127.359592,36.3727248,5.845885,3.9
1557712547999,78.6379959501,127.3595917,36.3727715,5.2383943,3.9
1557712548999,78.6809436521,127.3595936,36.3728177,5.117576,3.0
1557712550999,78.5847501534,127.3595967,36.3728984,4.1849284,3.9
1557712552999,79.2105903195,127.3595881,36.3729452,3.3872707,3.628
1557712554999,79.4374413592,127.3595391,36.3729889,3.7408068,3.679
1557712555999,79.4301589907,127.3594793,36.3730077,4.0056243,3.9
1557712557999,79.6167994045,127.3593692,36.3730114,5.595423,4.0
1557712558999,79.6123128017,127.3592935,36.3730108,6.835929,6.0
1557712559999,79.5768235336,127.3592134,36.3730096,7.223443,6.0
1557712560999,79.605897334,127.359135,36.3730078,7.1359806,6.0
1557712561999,79.5333259344,127.3590602,36.3730053,6.891113,6.0
1557712562999,79.7230936076,127.3589872,36.3730045,6.6600842,6.0
1557712563999,79.7246808527,127.3589129,36.3730002,6.720332,6.0
1557712564999,79.8255678065,127.3588417,36.3729952,6.456454,4.0
1557712565999,79.8258075291,127.3587741,36.3729897,6.0964537,4.0
1557712566999,79.8175455191,127.3587123,36.372986,5.623635,4.0
1557712567999,79.6105158182,127.3586529,36.3729832,5.422498,4.0
1557712568999,79.4341300643,127.3585955,36.3729818,5.1914883,4.0
1557712570999,79.0793196665,127.3585172,36.3729803,3.815303,3.817
1557712572999,79.5872387765,127.3584572,36.372974,2.3696523,3.488
1557712576999,79.0743424071,127.3584039,36.3729547,1.3563229,3.705
1557712633999,79.6111074355,127.3584097,36.3729088,0.96669453,4.272
1557712638999,79.4369784984,127.3583538,36.3728901,0.8322149,4.426
1557712668160,94.5,127.3583507,36.3727169,0.0,25.196
1557712678309,94.5,127.3582863,36.3726921,0.0,16.3
1557712749812,102.400001526,127.3582506,36.3727037,0.0,15.512
1557713305399,102.400001526,127.3582256,36.3727743,0.0,14.897
1557714813076,102.400001526,127.358161,36.3727212,0.0,17.329
1557714818081,102.400001526,127.3580128,36.3727377,0.0,19.84
1557714823148,102.400001526,127.3580848,36.3727299,0.0,16.258
1557714894108,102.400001526,127.3581355,36.3727243,0.0,17.531
1557714948851,85.9000015259,127.358405,36.3727181,0.0,12.846
1557714953897,85.9000015259,127.3584183,36.3727179,0.0,12.024
1557714964323,82.5999984741,127.3585301,36.3727175,0.0,11.636
1557714969358,82.3000030518,127.3585915,36.3727314,0.0,12.107
1557714980541,82.3000030518,127.3586475,36.3728447,0.0,14.454
1557714983663,82.3000030518,127.3586616,36.3728931,1.5277277,11.979
1557714989652,82.3000030518,127.3587144,36.3729167,0.0,11.78
1557714991109,82.5,127.3587836,36.3729207,0.6173624,10.402
1557714994625,82.5,127.3588416,36.3729208,1.125083,10.985
1557715001650,82.6999969482,127.3588807,36.3729572,0.99998915,9.824
1557715002655,102.278121304,127.3589424,36.3729756,1.1308,6.778
1557715006459,97.412994991,127.3589816,36.3730089,0.9232386,6.44
1557715011538,88.852623264,127.3590309,36.3730398,0.0,8.608
1557715016663,78.8091464344,127.3590861,36.3730734,0.0,6.201
1557715022000,80.6685147276,127.3591281,36.3731102,0.0,5.244
1557715030000,81.207386412,127.3591664,36.3731554,0.98117876,5.496
1557715036000,81.1355090942,127.3592039,36.3731913,0.0,4.503
1557715042000,83.080735063,127.359235,36.373237,0.0,4.237
1557715047000,84.8624641287,127.359261,36.3732976,0.39592937,4.668
1557715050000,85.0560326853,127.3592751,36.3733428,0.667513,4.055
1557715055000,84.003681577,127.3592698,36.3733917,0.66392124,4.075
1557715060000,83.5335235365,127.3592574,36.373439,0.86065394,4.075
1557715065000,83.0849831058,127.3592465,36.3734925,0.8594405,4.027
1557715071000,82.982240875,127.3592487,36.3735412,0.41618595,4.094
1557715084000,83.7743912876,127.3592586,36.373589,0.53843665,4.999
1557715182407,88.0999984741,127.3591167,36.3738071,0.0,23.474
1557715191194,136.983553139,127.359252,36.3736915,0.85475385,9.262
1557715197757,88.0999984741,127.3591835,36.3736474,4.0621724,13.499
1557715202841,88.0999984741,127.3591522,36.3736993,0.14541095,11.743
1557715207999,88.0999984741,127.3591297,36.3737441,0.0,10.954
1557715208999,88.0999984741,127.3591857,36.3737793,0.0,11.228
1557715212999,88.0999984741,127.3592336,36.3738096,0.0,11.103
1557715215999,88.0999984741,127.3592888,36.3737906,0.0,10.073
1557715308999,87.5282093368,127.3592335,36.373777,0.09950167,7.384
1557715352999,97.6689020874,127.3592179,36.3738208,0.35604045,7.389
1557715374999,102.709550083,127.359255,36.3737838,0.33037668,7.419
1557715391877,88.0999984741,127.3593043,36.3737606,0.0,14.53
1557715550819,86.7552580795,127.3592836,36.373713,0.0,15.109
1557715554000,81.2762562804,127.3592574,36.3736537,0.27826333,16.183
1557715572000,124.555236089,127.3592037,36.3736662,0.18634194,9.868
1557715574000,152.663382962,127.3592477,36.3737188,0.2536849,9.858
1557715575000,146.752316131,127.3592794,36.3737601,0.00023698491,9.854
1557715776559,146.752316131,127.3592794,36.3737601,0.00023698491,9.854
1557716769024,88.0999984741,127.3593446,36.3737744,0.0,17.783
1557716798085,88.0999984741,127.3593602,36.3737498,0.0,11.601
1557716817451,88.0999984741,127.3592995,36.3737346,0.0,11.275
1557716829644,88.0,127.3592685,36.3736765,0.0,15.438
1557716857020,88.0999984741,127.3593509,36.3734953,0.0,32.815
1557716858818,73.9445228959,127.3592838,36.3733572,0.5035383,9.566
1557716864830,71.2294286795,127.359238,36.373388,0.0,9.481
1557716870000,66.7661435579,127.3592076,36.3734263,0.0,7.609
1557716877000,70.4767055381,127.3591488,36.3734122,0.0,7.703
1557716880000,72.6943135295,127.3590839,36.3734133,0.0,6.547
1557716887000,75.1736040707,127.3590248,36.3734186,0.0,5.316
1557716892000,77.0364123656,127.3589532,36.3734292,1.2376096,5.576
1557716896000,77.0451988691,127.3588885,36.3734305,0.46288663,4.446
1557716902000,78.7109898954,127.3588278,36.373422,0.7065591,4.292
1557716908000,79.7343292011,127.3587696,36.3734105,0.72498024,4.101
1557716914000,79.8839263075,127.3587072,36.3734084,0.6730724,4.043
1557716920000,80.1545232234,127.3586488,36.3734212,0.41775662,4.103
1557716928000,79.8821630494,127.3585901,36.3734224,0.42775235,4.226
1557716940000,78.7444170371,127.3585328,36.3734245,0.25946894,4.359
1557716944000,78.3968644373,127.358466,36.3734215,0.5068569,4.056
1557716947000,77.9778578137,127.3584059,36.373429,0.5787123,4.136
1557716951000,76.415119136,127.358343,36.3734409,0.6848213,4.063
1557716955000,76.2899928164,127.3582892,36.3734555,0.69856256,4.269
1557716961000,76.4109483151,127.3582311,36.3734582,0.2167083,4.168
1557716967000,76.2523106224,127.3581629,36.3734595,0.68723226,3.392
1557716973000,76.7148982644,127.3580996,36.3734619,0.7294891,3.853
1557716978000,76.8710643184,127.3580375,36.3734675,0.8130606,4.269
1557716982000,76.7102568682,127.3579687,36.3734707,0.8359026,4.229
1557716987000,76.791947168,127.3579062,36.3734726,0.7977025,4.192
1557716993000,77.6532938243,127.3578396,36.3734722,0.9022856,4.073
1557716998000,77.9084856931,127.3577855,36.3734562,0.93874973,4.131
1557717004000,78.6841670486,127.3577273,36.3734437,0.8566204,4.181
1557717011000,79.3151074503,127.3576717,36.3734399,0.73140955,4.157
1557717017000,79.9526236924,127.3576097,36.3734428,0.50748664,4.098
1557717023000,80.1426211806,127.3575491,36.3734415,0.6365491,3.343
1557717029000,80.8296019439,127.3574893,36.373438,0.62478894,4.158
1557717034000,81.1427977022,127.3574263,36.3734293,0.68994766,4.055
1557717038000,81.1299175476,127.3573667,36.373423,0.8123469,3.254
1557717044000,80.4354401806,127.3572997,36.3734208,0.8466781,3.167
1557717049000,80.3640764599,127.3572371,36.3734096,0.9085693,3.271
1557717055000,81.1244752479,127.3571758,36.3734078,0.8507671,3.0
1557717061000,81.9691397131,127.3571162,36.3733997,0.81424767,3.0
1557717066000,81.7546985879,127.3570598,36.3734023,0.72401273,3.089
1557717077000,80.7120466681,127.3569975,36.3734044,0.42159146,3.324
1557717083000,80.1431773563,127.3569293,36.3734126,0.766355,4.074
1557717087000,80.3749471794,127.3568697,36.3734194,0.6915684,4.204
1557717092000,80.4323545635,127.3568099,36.3734095,0.6641763,4.043
1557717097000,80.8130226639,127.3567469,36.3734037,0.7543088,4.291
1557717101000,81.1873329982,127.3566853,36.37341,0.8255913,4.223
1557717105000,80.6039121573,127.3566271,36.3734181,0.827148,4.187
1557717110000,80.5238652217,127.3565668,36.3734227,0.84628683,4.06
1557717115000,81.1567343914,127.3564983,36.3734179,0.8556473,3.474
1557717121000,80.8079528367,127.3564376,36.3734076,0.9278679,3.847
1557717126000,80.6866295357,127.3563772,36.3733996,0.93554014,4.346
1557717133000,80.5588353525,127.3563243,36.3733841,0.49841005,3.742
1557717142000,80.6504067804,127.3562966,36.3733436,0.25439847,3.114
1557717149000,80.2469847898,127.3562934,36.3732906,0.3960114,4.228
1557717154000,79.2895187187,127.3563064,36.3732354,0.8723604,4.324
1557717158000,78.6234694505,127.3563155,36.3731877,0.8912304,4.194
1557717163000,78.8169745973,127.356321,36.3731318,0.95173013,4.374
1557717168000,79.3592584302,127.3563339,36.3730799,0.9911575,4.225
1557717173000,79.4223455223,127.3563404,36.3730315,0.6894079,4.214
1557717180000,78.6870436253,127.356356,36.3729805,0.6352975,4.224
1557717187000,77.9935301794,127.3563654,36.3729314,0.7021612,4.165
1557717192000,77.9917000877,127.3563836,36.372881,0.7975964,4.149
1557717196000,77.6828214906,127.3564011,36.3728331,0.90073663,4.235
1557717200000,78.4178919367,127.3564167,36.3727864,1.0059159,4.217
1557717205000,78.2826912109,127.3564311,36.3727385,1.032347,4.297
1557717213000,79.3458605011,127.3564533,36.3726906,0.8755473,3.085
1557717219000,80.3083595473,127.3564705,36.3726448,0.9612331,3.12
1557717226000,80.3858339131,127.3564882,36.3725959,0.9757702,3.076
1557717232000,81.6025293526,127.3565066,36.3725518,0.89192194,3.0
1557717237000,82.6704204578,127.3565312,36.3725113,0.9024188,3.124
1557717243000,82.8454195011,127.3565635,36.3724689,0.8884313,3.041
1557717248000,82.2480093704,127.356602,36.3724219,1.1341295,4.167
1557717252000,80.7498523673,127.3566407,36.3723845,1.1831086,4.162
1557717259000,80.7285783152,127.3566844,36.372354,1.0067555,4.193
1557717265000,78.4000728173,127.3566975,36.3723098,0.87510335,4.108
1557717270000,77.9801354482,127.3567039,36.372261,0.9439502,4.367
1557717275000,77.8369968333,127.3567195,36.3722086,1.0010959,4.193
1557717280000,77.4846703592,127.3567419,36.3721566,1.0155299,4.185
1557717285000,77.6303321071,127.3567675,36.3721096,1.0247887,4.302
1557717290000,77.9676668731,127.3568144,36.3720742,1.0228528,4.222
1557717295000,77.5648410857,127.3568621,36.372047,1.0178264,4.105
1557717300000,77.7681439384,127.3569104,36.3720172,1.0433626,4.311
1557717305000,78.7015526013,127.3569561,36.3719867,1.0363573,3.135
1557717311000,79.1907761448,127.3570022,36.3719567,0.9738021,3.119
1557717317000,79.9407762188,127.3570479,36.3719251,0.93173945,3.0
1557717323000,79.0530283637,127.3570922,36.3718849,0.96440154,3.0
1557717330000,79.5939356582,127.3571453,36.3718574,0.9218462,3.0
1557717336000,79.3265816477,127.3572016,36.3718393,0.9164681,3.713
1557717340000,79.7738341335,127.3572587,36.3718119,0.99717605,3.205
1557717346000,79.2368469232,127.3573086,36.3717858,0.9278872,3.042
1557717352000,79.5247874177,127.3573592,36.3717553,0.91287386,3.731
1557717357000,78.8121840251,127.3574132,36.3717358,1.0031841,3.084
1557717362000,79.0390503391,127.3574807,36.3717229,1.0656956,3.137
1557717368000,79.428743036,127.357541,36.3717069,0.9828689,3.817
1557717374000,78.1966160017,127.3576021,36.3716959,0.91199553,4.075
1557717380000,77.998741346,127.3576592,36.371677,0.8882632,3.807
1557717385000,77.8814192124,127.3577149,36.371652,0.94967663,4.202
1557717389000,78.0331655316,127.3577707,36.3716337,1.0143664,3.061
1557717394000,79.0875779025,127.3578252,36.3716181,1.0006431,3.156
1557717401000,78.9904844929,127.3578876,36.3716018,0.8919987,3.156
1557717406000,78.9627453466,127.3579449,36.3715887,0.9124665,3.002
1557717411000,79.1270653872,127.3580014,36.3715807,1.0070174,3.0
1557717416000,78.6432915101,127.3580593,36.3715695,0.98950374,3.0
1557717421000,78.2912420187,127.3581147,36.3715587,0.93180364,3.057
1557717428000,78.9507135461,127.3581737,36.3715415,0.89178467,3.141
1557717434000,79.2736299811,127.35823,36.3715193,0.7913671,3.218
1557717440000,78.5685967225,127.3582893,36.3715118,0.7963905,3.093
1557717446000,77.1440974742,127.3583461,36.371494,0.7753765,3.007
1557717451000,77.0774744268,127.3584045,36.3714842,0.9028368,3.049
1557717457000,77.3456640289,127.3584687,36.3714694,0.9492733,4.064
1557717462000,77.3925515681,127.3585274,36.3714517,0.9669047,4.225
1557717467000,77.3529216793,127.358578,36.3714261,1.0591375,4.401
1557717474000,77.9358751077,127.3586291,36.3714025,0.89100003,4.216
1557717479000,79.3220850468,127.3586738,36.3713724,0.9499001,3.455
1557717484000,79.2990907627,127.3587275,36.3713527,1.0710567,3.886
1557717489000,79.1463124901,127.3587772,36.3713237,1.0412984,4.128
1557717494000,78.9469754461,127.3588327,36.3712978,1.0974675,3.166
1557717500000,80.1896686837,127.3588858,36.3712761,1.125505,3.839
1557717505000,80.6452043045,127.3589438,36.3712558,1.0230824,3.087
1557717510000,80.4299820352,127.3589944,36.3712332,1.0255299,3.025
1557717515000,79.470736816,127.359043,36.3712059,0.9940022,3.109
1557717520000,79.0503669614,127.359091,36.3711769,1.0137994,3.017
1557717525000,78.9196389889,127.3591359,36.3711501,1.0359801,3.0
1557717531000,79.5397945656,127.3591901,36.3711255,0.9383312,3.16
1557717538000,79.6465831348,127.3592426,36.3711074,0.90254307,3.121
1557717543000,79.736015472,127.3592928,36.3710875,0.97136045,3.471
1557717548000,79.3961692822,127.359346,36.3710659,1.1062722,3.665
1557717554000,79.5306022583,127.3593992,36.3710327,1.0495131,4.199
1557717558000,79.597424557,127.3594561,36.3710094,1.2212944,4.295
1557717562000,79.0850524105,127.3595211,36.3710118,1.1499463,3.096
1557717568000,78.6764936009,127.3595406,36.3710638,1.0889723,3.196
1557717572000,78.135676132,127.3595366,36.3711116,1.1162796,3.019
1557717576000,78.6552384363,127.3595256,36.3711627,1.133635,3.043
1557717580000,80.1016440326,127.3595224,36.3712087,1.1107568,3.013
1557717585000,80.4233784617,127.3595208,36.3712627,1.0717291,3.0
1557717590000,80.7366925205,127.3595148,36.3713112,1.0311326,3.124
1557717596000,80.4982080002,127.3595114,36.3713642,0.9834618,3.0
1557717601000,80.5945187444,127.359507,36.3714114,1.0633686,3.021
1557717607000,80.3458835273,127.3595152,36.3714609,1.0610914,3.0
1557717613000,80.2594006055,127.3595223,36.3715067,1.0310112,3.0
1557717618000,80.5058794132,127.3595166,36.3715588,1.056301,3.18
1557717623000,80.5540343067,127.3595041,36.3716035,1.0714239,3.672
1557717628000,81.0339630718,127.3594947,36.3716522,1.0638452,4.097
1557717633000,81.1398355034,127.3594974,36.3717095,1.0476385,4.209
1557717637000,80.8863752799,127.3594936,36.3717575,1.1346874,4.208
1557717642000,81.5989788156,127.3594869,36.3718045,1.1305398,4.267
1557717648000,81.3853335515,127.3594844,36.371855,1.08053,4.191
1557717653000,81.0275851897,127.3594789,36.3719064,1.109797,4.156
1557717659000,81.0082343414,127.359484,36.3719583,1.0961705,4.174
1557717665000,81.1788742935,127.3594784,36.3720114,1.1256853,4.312
1557717670000,81.2725073848,127.3594725,36.3720565,1.0286746,4.236
1557717675000,80.7757823164,127.3594717,36.3721076,1.0267181,4.216
1557717681000,81.136495347,127.3594732,36.3721558,1.0166686,4.08
1557717687000,81.463711236,127.3594792,36.3722064,0.9684814,4.257
1557717692000,81.2620781259,127.3594854,36.3722583,0.94544166,4.216
1557717697000,81.1017442592,127.3594811,36.3723034,0.9553344,4.171
1557717703000,81.6536896463,127.3594354,36.3723297,0.96554637,3.022
1557717710000,82.2651936517,127.3593736,36.3723325,0.938411,3.0
1557717715000,82.3052508595,127.3593115,36.3723243,0.965425,3.114
1557717721000,82.6852658658,127.3592508,36.3723212,0.8453188,3.109
1557717726000,83.2488323164,127.3591923,36.3723272,0.9171644,3.078
1557717731000,83.2787563275,127.3591275,36.3723441,1.0075858,3.0
1557717736000,83.4871884073,127.3590706,36.3723576,0.9801953,3.0
1557717742000,83.304242185,127.3590105,36.3723702,0.9517974,3.331
1557717747000,82.9254362726,127.3589517,36.3723833,1.0143242,4.043
1557717752000,83.4456398668,127.3588968,36.3723928,0.55229235,4.327
1557717764000,83.8908749,127.3588405,36.3723833,0.05915992,4.179
1557717779965,86.0,127.3586357,36.3725067,0.0,15.078
1557717806526,82.5999984741,127.3586357,36.3726367,0.0,13.424
1557717817063,85.9000015259,127.3585348,36.3726922,0.0,11.965
1557717827244,85.9000015259,127.3584571,36.3727083,0.0,11.859
1557717837472,90.1999969482,127.3583666,36.3727138,0.0,11.802
1557717858460,82.5999984741,127.3582902,36.3726866,0.0,15.461
1557717930557,102.5,127.3582169,36.3727488,0.0,14.952
1557717935887,102.5,127.3582145,36.3727729,0.0,14.237
1557720688524,102.400001526,127.3582564,36.3727431,0.0,15.835
1557723386252,102.400001526,127.358131,36.3727246,0.0,15.386
1557724023533,102.400001526,127.3581598,36.3727873,0.0,16.787
1557724115775,102.400001526,127.3581598,36.3727873,0.0,16.787
1557724117478,102.400001526,127.3581387,36.3727243,0.0,14.764
1557724148071,102.400001526,127.3580802,36.3727422,0.0,16.06
1557724168707,102.400001526,127.3581504,36.3727397,0.0,14.913
1557724194797,102.400001526,127.3581622,36.3727848,0.0,15.058
1557724229855,102.400001526,127.3581892,36.3727114,0.0,15.696
1557724235587,102.400001526,127.3580908,36.3727287,0.0,14.95
1557724250303,102.400001526,127.3581029,36.3727754,0.0,14.999
1557724258797,102.400001526,127.3580707,36.3727312,0.0,13.894
1557724266071,102.400001526,127.3581253,36.3727506,0.0,15.294
1557724289413,102.400001526,127.3581862,36.3727521,0.0,14.011
1557724317276,102.400001526,127.3581065,36.3727278,0.0,14.291
1557724322454,98.5999984741,127.3581508,36.3727674,0.0,14.265
1557724389030,102.400001526,127.3581326,36.372721,0.0,16.1
1557724419685,102.400001526,127.3581796,36.372757,0.0,16.654
1557724439846,102.400001526,127.3581371,36.3727196,0.0,14.453
1557724754400,98.5,127.3580809,36.3727313,0.0,15.843
1557724793233,102.400001526,127.3581395,36.3727296,0.0,13.306
1557724803363,102.400001526,127.3582019,36.3727696,0.0,12.445
1557724828128,102.400001526,127.3582232,36.3727706,0.0,14.91
1557725063296,102.5,127.3581928,36.372724,0.0,30.91
1557725078296,94.5,127.3582347,36.3726707,0.0,25.305
1557725094720,0.0,127.3582304,36.372625,0.0,22.831
1557725110307,94.5,127.3581947,36.372684,0.0,14.973
1557725182574,94.5,127.3582169,36.3726978,0.0,11.379
1557727260090,0.0,127.3598504,36.3716438,0.0,500.0
1557729196238,94.5,127.3582252,36.3726992,0.0,14.619
1557730134029,0.0,127.3601844,36.3718141,0.0,1899.999
1557730187931,94.5999984741,127.3582141,36.372703,0.0,14.417
1557730254430,94.5,127.3581887,36.372707,0.0,13.075
1557730255414,94.5,127.3582412,36.3725334,0.0,35.36
1557730271466,98.5,127.3582623,36.3726203,0.0,21.955
1557730278298,98.5,127.3582588,36.3726683,0.38340384,15.224
1557730290294,94.5,127.3583067,36.3726275,0.53749543,16.061
1557730297301,102.5,127.3582904,36.3726706,0.40251496,11.166
1557730304292,102.400001526,127.3582776,36.3727149,0.53085434,13.819
1557730310260,102.400001526,127.3581922,36.3727207,0.53085434,13.242
1557730333770,102.400001526,127.3582294,36.372757,0.0,14.735
1557730369540,102.400001526,127.3581696,36.3727347,0.0,11.905
1557730442138,102.400001526,127.3581344,36.3727356,0.0,13.997
1557730566166,98.5999984741,127.3581934,36.3727865,0.0,14.962
1557730596330,102.400001526,127.358141,36.3727116,0.0,13.669
1557730603490,0.0,127.35823,36.3727091,0.0,21.623
1557730638889,0.0,127.35823,36.3727091,0.0,21.623
1557730691162,102.400001526,127.3581528,36.3727303,0.0,15.575
1557730705288,102.400001526,127.3581963,36.3727667,0.0,13.085
1557730795813,102.400001526,127.3582097,36.3727773,0.0,13.83
1557733565829,102.400001526,127.3581348,36.3727257,0.0,14.374
1557734085544,102.400001526,127.3581829,36.3727541,0.0,13.309
1557734145631,102.400001526,127.3581147,36.3727599,0.0,13.262
1557734769344,102.400001526,127.358166,36.3727776,0.0,15.016
1557735255955,102.400001526,127.3581654,36.3727707,0.0,16.695
1557735400719,102.400001526,127.35817,36.372722,0.0,15.07
1557735413911,102.400001526,127.35809,36.3727411,0.0,15.317
1557735452328,102.400001526,127.358122,36.3727031,0.0,14.732
1557735482550,102.400001526,127.3581377,36.3727562,0.0,15.031
1557735492633,102.400001526,127.3581209,36.3727028,0.0,14.598
1557735565939,102.400001526,127.3581385,36.3727462,0.0,14.554
1557736175726,102.400001526,127.3581369,36.3727419,0.0,14.707
1557736726194,102.5,127.3581769,36.3727784,0.0,17.76
1557736787589,0.0,127.3581064,36.3726296,0.0,39.105
1557736820833,102.400001526,127.3582037,36.3727883,0.0,14.893
1557736834992,102.400001526,127.3581947,36.3727871,0.0,12.918
1557736886818,102.5,127.358231,36.3727332,0.0,19.751
1557737151345,102.400001526,127.3582117,36.3727907,0.0,14.81
1557738000752,102.5,127.3581789,36.3727092,0.0,16.545
1557738302260,0.0,127.3581806,36.3725445,0.0,2000.0
1557739770748,102.400001526,127.3581866,36.3727559,0.0,16.804
1557739818235,102.400001526,127.3581578,36.3727591,0.0,13.323
1557739841115,102.400001526,127.3581828,36.3727833,0.0,14.408
1557739944622,102.400001526,127.3581473,36.3727423,0.0,13.478
1557745098259,102.400001526,127.3580516,36.3727371,0.0,15.391
1557745115941,102.5,127.3581549,36.3727194,0.0,12.167
1557745129036,102.400001526,127.3581912,36.372776,0.0,14.957
1557745143724,102.400001526,127.3581253,36.3727386,0.0,12.165
1557745188952,102.5,127.358083,36.3727357,0.0,14.899
1557745284380,102.5,127.3582149,36.3727974,0.0,14.78
1557745333322,102.400001526,127.3581297,36.3727541,0.0,18.112
1557745337072,102.400001526,127.358025,36.3727451,0.0,14.402
1557745348651,102.5,127.3581647,36.3727001,0.0,16.885
1557745379096,102.5,127.3581048,36.3727256,0.0,15.223
1557745397910,102.400001526,127.3581153,36.3726784,0.0,15.924
1557745405065,102.400001526,127.3581825,36.3726562,0.0,19.699
1557745426758,102.400001526,127.3580906,36.3727388,0.0,15.469
1557745435161,102.400001526,127.3581602,36.3727128,0.0,20.75
1557745450209,102.5,127.3580953,36.3727269,0.0,16.22
1557745469489,102.5,127.3581586,36.3727223,0.0,16.432
1557745484548,102.400001526,127.3582434,36.3726858,0.0,20.786
1557745494592,102.400001526,127.3581052,36.3727237,0.0,14.669
1557745520679,102.400001526,127.3581416,36.3726218,0.0,25.263
1557745531850,102.5,127.3582158,36.3726371,0.0,23.063
1557745540777,102.5,127.3582105,36.3727043,0.0,23.424
1557745576872,102.400001526,127.3581242,36.3727262,0.0,72.9
1557745587118,102.400001526,127.3582003,36.3726272,0.0,32.396
1557745592131,102.400001526,127.3581783,36.3726815,0.0,17.284
1557745602165,102.5,127.3582542,36.3726718,0.0,14.409
1557745786802,102.400001526,127.3582902,36.3726974,0.0,22.66
1557745848622,102.400001526,127.3582902,36.3726974,0.0,22.66
1557745857250,98.5,127.3581369,36.3727171,0.0,14.804
1557745881831,102.400001526,127.3580882,36.3727423,0.0,16.226
1557746037389,102.400001526,127.358119,36.3727149,0.0,14.507
1557746289677,102.400001526,127.3581381,36.3727694,0.0,12.945
1557746601626,98.5999984741,127.3581253,36.3727152,0.0,15.397
1557748027214,102.5,127.3581806,36.3727907,0.0,15.868
1557748084401,102.400001526,127.3581401,36.3727422,0.0,14.44
1557748146143,102.400001526,127.3580333,36.3727274,0.0,15.497
1557748293167,0.0,127.3581806,36.3725445,0.0,2000.0
1557748293488,0.0,127.3581806,36.3725445,0.0,2000.0
1557748295485,102.400001526,127.3581307,36.372721,0.0,16.9
1557748310648,102.400001526,127.358058,36.3727279,0.0,17.018
1557748340866,102.400001526,127.3581333,36.3727421,0.0,15.976
1557748347249,102.400001526,127.3580761,36.3727321,0.0,14.783
1557748452308,102.400001526,127.3581394,36.3727188,0.0,11.686
1557748512194,98.5999984741,127.3580773,36.3727227,0.0,14.975
1557748542395,98.5999984741,127.3580773,36.3727227,0.0,14.975
1557748942551,102.400001526,127.3581242,36.3727262,0.0,44.66
1557748944529,102.400001526,127.3582067,36.3727722,0.0,14.601
1557749009303,0.0,127.3601844,36.3726899,0.0,1700.0
1557749015718,102.400001526,127.3581242,36.3727262,0.0,77.6
1557749020764,102.400001526,127.3580047,36.3727345,0.0,66.495
1557749025763,102.5,127.3582482,36.3726666,0.0,17.781
1557749025763,102.5,127.3582482,36.3726666,0.0,17.781
1557749348425,0.0,127.3581242,36.3727262,0.0,92.9
1557749649553,102.5,127.3582397,36.3726995,0.0,42.025
1557750082030,102.5,127.3582157,36.3727574,0.0,13.748
1557750133619,0.0,127.3584464,36.3727171,0.0,121.771
1557750172077,82.1999969482,127.358342,36.3728621,0.0,16.208
1557750178948,82.0999984741,127.3583949,36.3728976,0.5758826,9.773
1557750181015,82.0999984741,127.3584581,36.3729042,0.3690546,9.8
1557750196000,77.5756218071,127.3585107,36.3729437,0.0,5.871
1557750201000,76.7926371357,127.3585822,36.372933,0.0,5.225
1557750204000,77.4081013248,127.3586384,36.3729382,1.1874388,5.187
1557750209000,84.4176752155,127.358699,36.3729618,1.080755,4.679
1557750215000,85.8992435018,127.3587572,36.3729833,0.9145623,3.992
1557750219000,87.4046912464,127.3588232,36.3729977,1.000534,3.0
1557750223000,88.2564954415,127.3588828,36.373002,1.057976,3.0
1557750228000,88.7095768844,127.3589382,36.3729911,1.0549116,3.0
1557750233000,87.8905512246,127.3589963,36.372981,1.0471338,3.0
1557750238000,87.7865498084,127.3590673,36.3729905,1.1000711,3.0
1557750242000,87.3249797533,127.3591292,36.3729957,1.1358203,3.0
1557750247000,86.4214209464,127.3591954,36.3729935,1.137709,3.0
1557750251000,86.6262339031,127.3592551,36.3729913,1.1456696,3.0
1557750255000,86.346377495,127.3593119,36.3729934,1.1582739,3.0
1557750261000,85.1384423485,127.3593708,36.3729884,0.94876385,3.0
1557750266000,84.7155054598,127.3594335,36.372984,1.0897949,3.0
1557750271000,84.6560290635,127.3594897,36.3729794,1.1039801,3.0
1557750276000,84.4001064525,127.3595549,36.3729616,1.0929532,3.0
1557750280000,84.1436192601,127.3596113,36.3729467,1.1268232,3.0
1557750285000,83.488982566,127.3596461,36.3729085,1.1416681,3.0
1557750291000,82.9898565099,127.359707,36.3728788,1.0938426,3.0
1557750297000,81.8850417729,127.3597643,36.3728912,1.074597,3.0
1557750302000,81.7388761719,127.3598185,36.3729167,1.1684744,3.254
1557750305000,82.0759535699,127.3598717,36.3729346,1.240701,3.243
1557750310000,81.3876713289,127.359932,36.3729536,1.1995902,3.0
1557750316000,81.3301281724,127.3599993,36.3729576,1.0361599,3.818
1557750320000,80.8823061522,127.3600654,36.3729526,1.0477797,3.0
1557750324000,80.4559768176,127.3601214,36.372949,1.0435005,3.0
1557750329000,80.3381200443,127.3601895,36.3729412,1.0909126,3.0
1557750334000,79.9932298476,127.3602497,36.3729432,1.0364667,3.0
1557750339000,80.5922777699,127.3603198,36.3729414,1.0547985,3.0
1557750343000,80.4916065951,127.3603792,36.3729391,1.0239704,3.0
1557750349000,81.0763766587,127.360456,36.3729439,1.0691749,3.0
1557750354000,80.7224748844,127.3605169,36.37295,1.068681,3.0
1557750358000,80.4376815441,127.3605748,36.3729498,1.0724435,3.0
1557750363000,80.9374804715,127.3606392,36.3729439,1.081455,3.0
1557750368000,80.5323593055,127.3606953,36.3729356,1.057347,3.0
1557750373000,80.7576671207,127.3607624,36.37294,1.0825258,3.0
1557750378000,82.124869864,127.3608328,36.3729475,1.093998,3.0
1557750382000,81.8281254266,127.3608919,36.3729595,1.1078262,3.0
1557750389000,81.4106038559,127.3609509,36.3729756,1.0284269,4.29
1557750397000,80.5041893441,127.3610083,36.372993,0.97808516,4.249
1557750403000,81.7812364613,127.3610318,36.3730381,0.9244572,4.046
1557750407000,78.4667374315,127.3610361,36.3730854,0.9533143,3.986
1557750412000,81.3852123943,127.3610203,36.3731387,1.0424172,3.0
1557750418000,82.0102453156,127.3610043,36.3731835,1.0172545,3.0
1557750424000,82.6176564893,127.360999,36.3732298,0.91779476,3.092
1557750431000,83.247285963,127.3610416,36.373264,0.8679692,3.796
1557750436000,83.5487884803,127.3610964,36.3732761,0.81265306,4.273
1557750442000,83.9142033914,127.3611611,36.3732831,0.7870209,4.168
1557750447000,84.2866792468,127.3612202,36.3732771,0.7351805,4.023
1557750452000,83.9422053449,127.3612724,36.3732415,0.772642,4.113
1557750456000,84.0323580283,127.3613243,36.3732084,0.85135996,3.92
1557750460000,84.6871015641,127.3613838,36.373171,0.71902585,4.02
1557750464000,84.3413604414,127.3614314,36.3731386,0.67544276,4.213
1557750468000,84.4265901043,127.3614713,36.3731059,0.7404897,3.0
1557750474000,84.5563603541,127.3615089,36.3730705,0.8515234,4.263
1557750479000,84.5856455661,127.3615551,36.3730344,0.9517408,4.014
1557750484000,84.5510773029,127.3615939,36.3730008,0.9287085,4.217
1557750489000,84.3287516514,127.3616431,36.3729663,0.92553204,4.154
1557750494000,84.0920815974,127.3616822,36.3729312,0.87566173,4.135
1557750499000,84.2960304844,127.3617242,36.3728922,0.97109056,4.313
1557750504000,84.3659055639,127.3617612,36.3728476,0.96329635,4.072
1557750508000,84.2422184768,127.3617995,36.3728064,0.99399686,4.145
1557750512000,84.7401482879,127.3618378,36.3727618,1.0688459,4.463
1557750517000,84.3407411612,127.3618728,36.372719,0.9646382,4.102
1557750521000,84.1311883185,127.3619129,36.3726693,0.9486656,3.958
1557750525000,84.1161322251,127.3619627,36.3726339,1.0417898,3.351
1557750530000,84.1631485583,127.3620102,36.3726025,1.0471089,3.0
1557750536000,84.0701891987,127.3620451,36.3725564,1.030306,3.905
1557750541000,84.4367525111,127.3620639,36.3725036,1.0774798,4.215
1557750545000,84.0764663556,127.3620697,36.3724559,1.1120896,4.136
1557750580320,91.5,127.3619646,36.3723106,0.0,31.818
1557750590535,91.5,127.3618766,36.3722187,0.0,16.377
1557750605589,83.5,127.3617617,36.372292,0.0,13.147
1557750610631,83.5,127.3617273,36.3723281,0.0,12.406
1557750621699,91.5,127.3618092,36.3722247,0.0,13.98
1557750627592,91.5,127.3618079,36.3721596,0.0,12.931
1557750693282,91.5,127.3617991,36.3721522,0.0,19.023
1557750778792,91.5,127.361852,36.3720761,0.0,15.181
1557750778792,91.5,127.361852,36.3720761,0.0,15.181
1557750811887,91.5,127.3618475,36.3720388,0.0,15.157
1557751819317,91.5,127.3617882,36.3720532,0.66291136,11.328
1557751821326,91.5,127.3618117,36.3720462,0.12759542,10.713
1557751894999,91.5,127.3617892,36.372049,0.0,10.258
1557751956467,36.2690616577,127.3618016,36.3719608,0.0,12.779
1557752007999,69.5418618096,127.3615466,36.3718547,0.0,18.446
1557752031999,81.2997326333,127.3613765,36.372083,0.0,19.696
1557752047591,80.1787539965,127.361433,36.3721127,0.0,53.401
1557752052999,91.5,127.3617315,36.3720629,0.09478388,13.518
1557752057724,91.5,127.3617885,36.3720457,0.0,10.271
1557752103566,91.5,127.3618456,36.372042,0.0,14.47
1557752123999,83.5,127.3618113,36.3720716,0.0,10.745
1557752191926,-9.87207396605,127.3616232,36.3720551,0.0,20.243
1557752200385,37.8823535778,127.3617415,36.3720262,0.1819449,10.599
1557752202426,104.83718385,127.3616598,36.3720002,0.73435724,13.247
1557752203432,115.246912466,127.3615901,36.371977,0.6648038,13.749
1557752204432,116.867169939,127.3615013,36.3719303,0.0,14.409
1557752207000,112.629644451,127.3614611,36.3718686,0.0,14.704
1557752210000,111.833278213,127.3614543,36.3718112,0.0,14.869
1557752215000,105.141836338,127.3614678,36.371761,0.0,12.827
1557752235000,90.3220073007,127.3615444,36.3717437,0.0,9.155
1557752240000,89.8912204282,127.3616004,36.371746,0.0,9.058
1557752244000,85.0466578172,127.3616607,36.3717326,0.2544595,8.485
1557752265000,84.1389047127,127.361727,36.3717218,0.23177707,10.054
1557752269000,84.5176084075,127.3617861,36.3717109,0.028754184,10.074
1557752279000,90.0463988604,127.3617702,36.3717585,0.015680853,8.583
1557752288000,92.1979648899,127.3617176,36.3717756,0.039745048,7.605
1557752297000,96.1807398896,127.3616485,36.3717848,0.039575815,7.757
1557752300000,98.0221168085,127.3615831,36.3717911,0.116074964,7.696
1557752303000,99.940433423,127.3615243,36.3718061,0.026756955,7.672
1557752307000,101.566609803,127.3614672,36.3718272,0.0,7.75
1557752313000,105.787319349,127.3614386,36.3718688,0.0,7.715
1557752321000,107.391617819,127.3614276,36.3719155,0.0,7.749
1557752327000,108.968391546,127.3613831,36.3719443,0.0,7.665
1557752332000,109.301444143,127.36134,36.371974,0.0,7.71
1557752340000,111.587217451,127.3613009,36.3720155,0.036677886,9.801
1557752353000,113.371860466,127.3612727,36.3720618,0.26048684,10.213
1557752359000,113.558491813,127.3612187,36.3720941,0.1536268,10.126
1557752367000,114.279029507,127.3611628,36.3721063,0.08167507,7.861
1557752379000,100.459002851,127.3612342,36.3720945,0.040892094,8.106
1557752383000,98.965470501,127.361279,36.3720558,0.052839994,7.771
1557752403000,88.0353079723,127.3613348,36.3720626,0.00253272,7.683
1557752415000,76.7783407333,127.3613838,36.3720338,0.0060788766,7.647
1557752424000,68.8902074683,127.3614203,36.3719876,0.0,7.718
1557752433000,66.82755375,127.3614486,36.3719486,0.0,9.87
1557752436000,66.0984543626,127.361459,36.371897,0.0,10.069
1557752441000,65.870845661,127.3614734,36.371849,0.0,10.128
1557752453000,65.050093126,127.3614394,36.371886,0.0,10.151
1557752469000,62.4837583581,127.3613774,36.3718664,0.0,10.092
1557752479000,62.808708379,127.3614047,36.3718246,0.0,10.144
1557752491000,54.8724940426,127.3614499,36.371854,0.0,10.081
1557752501000,45.0102191574,127.3615165,36.3718255,0.24790493,10.179
1557752504000,44.1352396562,127.3615682,36.3717972,0.23650487,10.127
1557752508000,41.6284670196,127.3616283,36.3717589,0.08565011,10.093
1557752511000,41.6219840898,127.3616925,36.3717286,0.26771578,10.088
1557752515000,42.8694433381,127.3617496,36.3717138,0.32170954,10.148
1557752522000,42.1866913496,127.361778,36.3716746,0.020158054,10.05
1557752532000,43.7879210631,127.3617183,36.3717085,0.030877305,9.918
1557752535000,43.9010507692,127.3616907,36.371751,0.07325812,10.103
1557752556000,44.606621613,127.3616687,36.3717953,0.051840764,7.947
1557752562000,47.1875552299,127.3616609,36.3718405,0.16923097,7.623
1557752569000,47.5628107728,127.3616585,36.3718977,0.12630504,7.577
1557752574000,48.6865137564,127.3616439,36.3719417,0.15879373,7.637
1557752583000,52.4601507377,127.3616591,36.3719864,0.0066271443,7.736
1557752591000,54.4990746211,127.361708,36.3720104,0.06094311,7.594
1557752596000,60.3675408907,127.3616837,36.37205,0.13997793,7.638
1557752611000,77.0267091132,127.3616576,36.3721098,0.016884102,7.812
1557752621000,82.0944766868,127.3615966,36.3721126,0.18456802,7.737
1557752648000,90.7890195898,127.3615449,36.3721304,0.015581088,7.719
1557752657000,89.4108838929,127.3616058,36.3721196,0.09121647,7.702
1557752662000,89.3519602033,127.361672,36.372125,0.28708056,7.604
1557752667000,90.1412986666,127.3617419,36.3721202,0.30079627,9.596
1557752672000,90.9827365805,127.3618013,36.3721202,0.16458736,10.07
1557752694000,91.7272296701,127.3618581,36.3721148,0.31345597,10.05
1557752701000,93.2994296875,127.3619136,36.372103,0.029106213,10.103
1557752705000,91.985871991,127.3619719,36.3720833,0.1489074,10.227
1557752714000,91.4272065684,127.3620014,36.3720393,0.06403217,10.16
1557752724000,94.374231721,127.361952,36.3720624,0.12826386,7.925
1557752728000,92.3779347936,127.3619012,36.3720821,0.16533959,7.772
1557752732000,90.7659215173,127.3618358,36.3720871,0.22067833,7.708
1557752739000,86.8411325282,127.361779,36.3720964,0.26752147,7.657
1557752746000,85.3406865223,127.3617315,36.3721255,0.03232317,7.706
1557752759000,83.6159832816,127.3616818,36.372147,0.22468181,10.053
1557752769000,82.8732798219,127.3616317,36.3721204,0.009829758,10.085
1557752782000,78.7555898074,127.3616284,36.3720726,0.054004494,9.988
1557752792000,77.4623777801,127.361669,36.3720332,0.13680099,10.127
1557752796000,76.4623625734,127.3617182,36.3719942,0.1544252,10.246
1557752826000,79.7801802014,127.3617007,36.3720507,0.20866024,9.878
1557752838000,82.2330242149,127.3616617,36.3720843,0.07308781,9.883
1557752855000,87.3045985408,127.3617153,36.3720649,0.08115047,9.846
1557752878000,84.9772124229,127.3617033,36.3720766,0.16301994,9.845
1557752930000,91.4626186463,127.3618159,36.3720442,0.1512772,15.149
1557752999000,100.026381739,127.3617495,36.3720265,0.0,9.735
1557753050932,16.2427990359,127.3615022,36.3719787,0.0,10.253
1557753103000,75.5753694816,127.3618383,36.3720335,0.0,14.45
1557753148304,91.5,127.36168,36.37199,0.37174383,9.495
1557753153282,91.5,127.3617478,36.3720022,0.05284709,9.772
1557753175694,91.5,127.3618413,36.3720498,0.0,14.863
1557753191000,91.5,127.3618051,36.3720124,0.0,9.744
1557753262154,58.2900408952,127.3617006,36.3719873,0.0,9.12
1557753264000,62.2494779882,127.3615442,36.3719424,0.0,10.86
1557753265000,65.0081961834,127.3614639,36.3719176,0.0,11.629
1557753266000,67.4369191262,127.361394,36.3718963,0.0,12.298
1557753267000,69.0532621789,127.3613317,36.3718792,0.0,12.86
1557753268000,70.443130522,127.3612463,36.3718651,0.0,13.797
1557753270000,72.3187175241,127.3611819,36.37185,0.0,14.245
1557753275000,62.58847767,127.3611439,36.37189,0.0,14.678
1557753279000,57.33659191,127.3611724,36.3719396,0.0,14.76
1557753313656,91.6999969482,127.3618348,36.3720238,0.0,14.646
1557753321542,83.5999984741,127.3618002,36.3720354,0.37849957,11.347
1557753379516,72.2398725505,127.3617029,36.3719966,0.0,8.416
1557753407000,81.4552103169,127.3613103,36.3718652,0.0,15.202
1557753416028,79.2120573163,127.3612983,36.3718423,0.0,15.783
1557753467000,117.122052624,127.3615661,36.3717859,0.0,14.927
1557753517000,66.5836701812,127.3613717,36.3718441,0.0,7.591
1557753558712,91.5,127.3617787,36.3720143,0.5179729,9.961
1557753567714,91.5,127.3617323,36.3719822,0.0,9.219
1557753580256,91.5,127.3617288,36.3719862,0.0,9.153
1557753632000,60.848047104,127.3614679,36.3718664,0.0,11.088
1557753650000,52.3909791184,127.3614217,36.3718988,0.0,10.45
1557753667000,52.6008349777,127.3613913,36.3718586,0.0,7.955
1557753684000,52.0762585096,127.3614462,36.3718663,0.0,10.29
1557753699000,47.7714205729,127.3613969,36.3718887,0.0,10.144
1557753711000,47.1016834619,127.361458,36.3718842,0.0,10.22
1557753716000,48.9673049094,127.3615268,36.3718797,0.0,10.174
1557753723000,49.5039105927,127.3615761,36.3718558,0.0,9.986
1557753728000,56.1684419397,127.3615319,36.3718934,0.0,10.047
1557753732000,58.7579820311,127.3614814,36.3719291,0.0,10.19
1557753739000,58.7208162169,127.3614423,36.3719675,0.0,10.092
1557753766000,62.7717776632,127.3614109,36.3719295,0.0,10.15
1557753774000,59.8524429558,127.3614419,36.37189,0.0,10.156
1557753802000,69.1756652331,127.3613824,36.3718999,0.0,10.024
1557753805000,70.8662177686,127.3613146,36.3719284,0.30509555,10.119
1557753809000,70.0828270823,127.3612523,36.3719478,0.08058178,10.157
1557753815000,70.2077162091,127.3611973,36.3719676,0.2061348,10.187
1557753830000,72.7452450645,127.3612025,36.3719171,0.19216995,10.165
1557753830000,72.7452450645,127.3612025,36.3719171,0.19216995,10.165
1557753876000,66.1415745726,127.3612349,36.3719192,0.29733554,10.16
1557753883000,60.564770983,127.361191,36.371878,0.65923125,10.146
1557753888000,57.9002378045,127.3611785,36.3718329,0.502088,10.033
1557753900000,48.1245116602,127.3612162,36.3717955,0.28994524,10.149
1557753906000,44.6130231462,127.3612725,36.3717907,0.001941534,10.203
1557753915000,44.374543218,127.3613131,36.3718223,0.0,10.219
1557753944000,39.6479586061,127.3612578,36.3718127,0.1348955,7.751
1557753950000,41.3456858788,127.3611992,36.3718205,0.028996509,7.725
1557753955000,42.9306354693,127.3611415,36.3718294,0.017064322,7.759
1557753963000,43.0632300139,127.3610823,36.3718259,0.04852964,7.7
1557753988000,42.0093365991,127.3611088,36.3718668,0.28399995,9.908
1557753993000,39.6891380348,127.3611163,36.3719241,0.06383992,9.969
1557753997000,35.8727935028,127.3611129,36.3719823,0.36387306,10.113
1557754004000,34.9387205848,127.3610929,36.3720302,0.22451663,10.16
1557754007000,33.322731153,127.3611146,36.3720722,0.28474864,10.139
1557754017000,27.7841166159,127.3611499,36.372116,0.2325757,10.104
1557754023000,29.2174481571,127.3612148,36.3721231,0.13121918,10.051
1557754029000,31.8902503219,127.3612839,36.3721183,0.13020569,10.07
1557754052000,26.3674376521,127.3612894,36.3720697,0.29139295,9.145
1557754056000,25.9250459383,127.3612651,36.3720289,0.011593476,8.019
1557754061000,25.7738017522,127.361249,36.3719838,0.09820802,7.888
1557754068000,27.6533404348,127.3612377,36.3719305,0.111418836,7.484
1557754108000,31.9157437618,127.3612838,36.3719044,0.06880993,7.435
1557754129964,30.8259005071,127.3613421,36.3719149,0.0,10.015
1557754151000,29.269895552,127.361404,36.3719267,0.69797516,9.008
1557754154000,28.7741916718,127.3614498,36.371956,0.0,9.529
1557754158000,28.1331547995,127.3614715,36.3719526,0.0,9.752
1557754208219,64.8714399421,127.3613274,36.3719635,0.0,54.695
1557754260000,91.5,127.3618383,36.3720321,0.0,9.986
1557754295637,91.5,127.3618358,36.3720486,0.0,16.238
1557754297645,68.4395709703,127.3616217,36.3718328,0.0,74.182
1557754302697,91.5,127.3618401,36.3720298,0.0,13.829
1557754321651,31.9694060911,127.3617705,36.3720395,0.64516497,10.355
1557754332670,91.5,127.3618272,36.3720332,0.059574906,10.413
1557754365200,114.232291752,127.3614958,36.3717646,0.0,56.527
1557754372680,91.5,127.3618129,36.3720165,0.0,15.36
1557754376672,91.5,127.3618152,36.3720424,0.8118267,10.32
1557754494478,83.5999984741,127.3618218,36.3720505,0.0,17.419
1557754527650,91.5,127.3618393,36.3720527,0.0,13.924
1557754803066,91.5,127.3618247,36.3720033,3.6508565,12.783
1557754811091,91.5,127.3618203,36.3719799,0.36472502,8.831
1557754824165,91.5,127.3618324,36.3720541,0.0,9.473
1557754844254,91.5999984741,127.3618709,36.3720939,0.0,14.978
1557754850847,91.5,127.3618678,36.372167,0.0,15.049
1557754880928,91.6999969482,127.361852,36.3720288,0.0,29.54
1557754896334,91.5,127.3618758,36.3720919,0.0,14.908
1557754901069,91.5,127.3618284,36.372115,0.0,14.529
1557755475780,91.6999969482,127.3618741,36.3721684,0.0,29.54
1557755499553,83.5,127.3617082,36.3723446,0.0,18.342
1557755504549,83.5,127.3617911,36.372276,0.0,16.653
1557755536187,91.5,127.3618547,36.3721888,0.0,15.219
1557755541232,83.5,127.3618459,36.3721988,0.0,22.412
1557755586460,82.3000030518,127.3617005,36.3724013,0.0,26.708
1557755594965,0.0,127.3618034,36.3724628,0.0,28.889
1557755597380,106.959118482,127.3620651,36.3724713,0.6970384,21.452
1557755598384,106.927893317,127.3622756,36.3724304,1.105413,15.065
1557755602000,94.0316778414,127.3622163,36.3724506,0.0,10.731
1557755608245,84.5999984741,127.3622152,36.3725435,0.0,9.144
1557755610000,84.5999984741,127.3622361,36.3725966,0.0,10.06
1557755611000,84.5999984741,127.3622567,36.3726506,0.0,10.919
1557755612000,84.5999984741,127.3622762,36.3727029,0.0,11.687
1557755613000,0.0,127.3623384,36.3727803,0.0,13.013
1557755614000,91.7421091084,127.362234,36.3726352,1.0261335,8.841
1557755615000,91.929378291,127.3622024,36.372596,1.0580887,8.448
1557755618000,92.5661373378,127.3621541,36.3725541,0.8579184,6.69
1557755630000,90.8609997229,127.3621479,36.3725993,0.0,5.195
1557755633000,90.2454404827,127.3621215,36.3726416,0.7274063,5.243
1557755637000,90.0983250932,127.3620815,36.3726904,0.9108039,5.294
1557755640000,89.1489889985,127.3620354,36.372738,0.9315293,4.338
1557755643000,88.5522499796,127.3619875,36.372768,0.9326374,4.416
1557755646000,87.2901121142,127.3619312,36.3727964,0.9631183,4.206
1557755649000,87.2819542705,127.3618683,36.3728233,1.0116961,4.42
1557755652000,85.9704415611,127.3618046,36.3728387,1.0425748,4.501
1557755655000,84.9212621326,127.3617543,36.372861,1.1391909,4.607
1557755660000,85.6875749466,127.3617107,36.3728948,1.0781492,4.062
1557755664000,85.365962525,127.3616528,36.3729339,1.1532431,3.938
1557755668000,86.2019654767,127.3616033,36.3729776,1.2215872,3.042
1557755673000,86.5045706183,127.3615696,36.3730144,1.2827237,4.271
1557755678000,86.3032754489,127.3615295,36.373053,1.2249508,4.467
1557755682000,85.7495831575,127.3614891,36.3730916,1.2305838,3.474
1557755686000,85.458184557,127.3614628,36.3731324,1.2435416,3.124
1557755691000,83.0615057571,127.36142,36.3731667,1.2273852,4.032
1557755695000,82.4161930318,127.3613597,36.3731768,1.2352688,3.066
1557755699000,82.4888193976,127.3613019,36.373179,1.2229887,3.018
1557755704000,82.293527784,127.3612362,36.3731895,1.2246922,3.015
1557755709000,81.7836569351,127.3611788,36.3732214,1.2398142,3.041
1557755713000,81.4694089243,127.3611276,36.3732437,1.242358,3.037
1557755720000,80.8450521958,127.3610911,36.3732015,1.1941155,3.014
1557755725000,80.1325402435,127.3610893,36.3731464,1.1940967,3.0
1557755729000,80.0644071671,127.3610639,36.3730963,1.1655636,3.0
1557755733000,79.817152091,127.3610476,36.3730514,1.1821126,3.0
1557755737000,79.5500520848,127.3610421,36.3730065,1.1923835,3.0
1557755742000,78.6274730661,127.3609969,36.3729714,1.2001536,3.0
1557755747000,79.0211277655,127.3609309,36.3729656,1.2741945,3.0
1557755751000,78.8903987573,127.360864,36.3729595,1.2644756,3.0
1557755755000,78.8876526645,127.3608039,36.3729548,1.281688,3.583
1557755759000,79.069104122,127.3607307,36.3729463,1.2737118,3.941
1557755763000,78.6013149662,127.3606742,36.3729469,1.2353014,4.038
1557755767000,78.67942638,127.3606133,36.3729513,1.1801298,3.963
1557755771000,78.4988163832,127.3605541,36.3729551,1.1604601,3.954
1557755775000,78.0796791287,127.3604953,36.3729524,1.1492541,3.0
1557755781000,77.9010521659,127.360426,36.3729452,1.1701035,3.0
1557755785000,78.1308843756,127.3603655,36.3729415,1.2112764,3.0
1557755790000,78.083899991,127.3603084,36.3729402,1.168746,3.0
1557755795000,76.1985314555,127.360244,36.3729367,1.1220329,3.0
1557755801000,76.8306163851,127.3601794,36.3729356,1.1294414,3.0
1557755806000,76.9918719038,127.3601215,36.3729343,1.129102,3.0
1557755811000,77.5128662957,127.3600628,36.3729306,1.1261718,3.0
1557755816000,77.6137553109,127.3600004,36.3729284,1.1261116,3.0
1557755821000,77.4627049212,127.359939,36.3729252,1.1109322,3.0
1557755826000,76.9188022193,127.3598803,36.3729245,1.102047,3.0
1557755831000,76.8876951601,127.3598144,36.3729287,1.090823,3.0
1557755837000,77.1961474713,127.3597547,36.3729229,1.0634785,3.0
1557755843000,77.5622184782,127.3597023,36.3729032,0.9786028,3.0
1557755851000,77.8370779352,127.3596378,36.3728931,0.86204684,3.0
1557755858000,78.3629830393,127.3595811,36.3729121,0.9810825,3.0
1557755865000,78.6900180464,127.3595289,36.3729394,0.9905752,3.0
1557755871000,78.5944483856,127.3594588,36.3729445,1.0015693,3.0
1557755875000,78.5450718721,127.3594006,36.3729388,1.0110685,3.0
1557755881000,77.9804259473,127.3593439,36.3729392,1.0032266,3.0
1557755889000,78.9284580102,127.3592812,36.3729403,0.91658956,3.55
1557755894000,78.2977244362,127.359225,36.372943,0.878369,3.854
1557755897000,78.5649805206,127.3591687,36.3729431,0.94563043,3.828
1557755901000,77.858086294,127.3591072,36.3729423,0.9603614,3.828
1557755908000,77.5279267672,127.3590487,36.3729319,0.7405955,3.871
1557755912000,78.6933974697,127.3589873,36.3729312,1.1219016,3.91
1557755916000,78.8298408008,127.3589297,36.3729278,0.97424084,3.843
1557755921000,78.9115458491,127.3588592,36.3729106,1.0174726,3.856
1557755928000,78.5626957771,127.3588029,36.3728889,0.30633658,3.768
1557755958565,79.0357138145,127.3588138,36.3728368,0.0,35.055
1557755971841,86.3000030518,127.3583656,36.3727187,0.0,14.97
1557755981224,86.3000030518,127.3582765,36.3727212,0.0,11.902
1557756002048,86.3000030518,127.3582213,36.3727138,0.0,13.102
1557756081013,102.400001526,127.3582376,36.3727506,0.0,15.604
1557756118004,98.5,127.3581096,36.3727262,0.0,14.635
1557756153561,102.400001526,127.3581241,36.3727278,0.0,14.254
1557756217259,102.400001526,127.3581128,36.3727239,0.0,16.872
1557756222322,102.400001526,127.3581872,36.3727473,0.0,14.213
1557756242464,102.400001526,127.3581973,36.3727835,0.0,13.793
1557756895464,102.400001526,127.3581242,36.3727262,0.0,60.0
1557757499602,102.400001526,127.3582333,36.3727664,0.0,15.721
1557758606807,102.400001526,127.3582278,36.3726603,0.0,16.887
1557758690867,82.5999984741,127.3583464,36.3729048,0.0,16.896
1557758716538,82.0999984741,127.358456,36.3729064,0.0,16.682
1557758721546,82.0999984741,127.3583686,36.3729694,0.0,14.946
1557758751476,82.0999984741,127.3583686,36.3729694,0.0,14.946
1557758801527,82.0999984741,127.3584343,36.372853,0.0,17.245
1557758821412,82.4000015259,127.3582997,36.3728742,0.0,15.237
1557758826524,0.0,127.3583552,36.3728973,0.0,20.224
1557758841819,82.4000015259,127.3583914,36.3729887,0.0,19.611
1557758846890,82.3000030518,127.3583803,36.3728489,0.0,18.272
1557758851947,82.3000030518,127.3583982,36.3729907,0.0,33.61
1557758856948,82.3000030518,127.3588274,36.372942,0.0,19.814
1557758861982,86.5999984741,127.3590898,36.3728597,0.0,18.371
1557758867026,87.0,127.3593609,36.3730102,0.0,33.866
1557758872314,87.0,127.3596636,36.3730315,0.0,49.911
1557758877401,90.0,127.3591016,36.3724897,0.0,43.52
1557758882557,0.0,127.359002,36.372249,0.0,34.012
1557758887645,0.0,127.3592611,36.3717008,0.0,66.975
1557758892676,82.6999969482,127.3595804,36.3709273,0.0,32.311
1557758897714,87.5,127.3595099,36.370788,0.0,33.265
1557758902765,0.0,127.3595633,36.3705819,0.0,46.948
1557758907817,0.0,127.3607441,36.3701928,0.0,85.411
1557758912856,75.6999969482,127.3610738,36.3699676,0.0,101.748
1557758917886,75.6999969482,127.3617421,36.3699749,0.0,91.323
1557758922904,73.8000030518,127.3622111,36.3699825,0.0,76.629
1557758928025,0.0,127.3624715,36.3696337,0.0,85.627
1557758933160,72.6999969482,127.3624664,36.3691492,0.0,90.987
1557758938386,72.4000015259,127.3627981,36.3688024,0.0,99.662
1557758943510,72.5999984741,127.3630038,36.3687683,0.0,103.065
1557758948561,0.0,127.3630933,36.368578,0.0,102.205
1557758953603,0.0,127.3644372,36.365713,0.0,87.703
1557758958639,85.1999969482,127.3622028,36.3666565,0.0,60.612
1557758963678,0.0,127.3617228,36.3663601,0.0,48.736
1557758968720,0.0,127.3657592,36.3633852,0.0,61.853
1557758973756,0.0,127.3654766,36.3624653,0.0,95.087
1557758978783,0.0,127.3676181,36.3634742,0.0,97.289
1557758981689,0.0,127.3681305,36.3634347,0.0,89.285
1557758988851,0.0,127.3568861,36.3657143,0.0,103.885
1557758993843,85.1999969482,127.3582628,36.3655341,0.0,87.671
1557758998883,0.0,127.3637875,36.3628157,0.0,82.031
1557759002564,0.0,127.36455,36.3624405,0.0,116.995
1557759008888,0.0,127.3652181,36.3621118,0.0,107.05
1557759013937,0.0,127.3622645,36.3654785,0.0,83.063
1557759017719,0.0,127.3618979,36.3658965,0.0,118.848
1557759022852,0.0,127.361724,36.3660947,0.0,169.254
1557759027950,0.0,127.3616423,36.3661878,0.0,208.814
1557759033090,0.0,127.3615989,36.3662373,0.0,245.858
1557759039510,0.0,127.3669244,36.3676895,0.0,78.632
1557759044650,76.4000015259,127.3678176,36.3678278,0.0,35.54
1557759049764,0.0,127.3700695,36.3665012,0.0,84.418
1557759055364,80.0999984741,127.3696783,36.3693187,0.0,25.326
1557759060460,0.0,127.3698145,36.3693793,0.0,101.269
1557759065601,0.0,127.3739292,36.3684353,0.0,94.482
1557759070693,0.0,127.3741432,36.3692816,0.0,90.066
1557759075777,71.9000015259,127.3742322,36.3719172,0.0,43.304
1557759080844,0.0,127.3764273,36.3702011,0.0,59.51
1557759085915,0.0,127.3773098,36.3704245,0.0,112.608
1557759090948,0.0,127.3788123,36.3703776,0.0,57.244
1557759096001,0.0,127.3792364,36.3712922,0.0,87.365
1557759101022,0.0,127.3809777,36.3700294,0.0,92.998
1557759106071,0.0,127.3785561,36.3742016,0.0,86.087
1557759111188,0.0,127.3781019,36.3754637,0.0,102.391
1557759121399,0.0,127.377958,36.3758637,0.0,117.827
1557759126446,0.0,127.3846252,36.3746598,0.0,83.613
1557759131447,0.0,127.380108,36.3752039,0.0,99.678
1557759135167,0.0,127.3791115,36.375324,0.0,133.832
1557759141511,0.0,127.3776898,36.3770052,0.0,90.629
1557759146566,0.0,127.377883,36.3761658,0.0,86.333
1557759151912,0.0,127.3775458,36.3770252,0.0,90.77
1557759156951,70.5,127.37745,36.3772692,0.0,75.835
1557759217054,0.0,127.3778044,36.3762879,0.0,84.254
1557759222299,0.0,127.379264,36.3776806,0.0,93.644
1557759227318,0.0,127.3790254,36.3723892,0.0,86.039
1557759232345,0.0,127.3796461,36.3704211,0.0,97.103
1557759237379,72.3000030518,127.3794422,36.3758351,0.0,77.088
1557759242413,75.5,127.3792606,36.3778846,0.0,32.921
1557759247445,75.5,127.3790451,36.3778865,0.0,46.835
1557759252496,0.0,127.3790786,36.3785387,0.0,103.432
1557759257525,80.0999984741,127.3789091,36.3796992,0.0,82.704
1557759262618,81.5,127.3788139,36.3803329,0.0,19.895
1557759267700,80.6999969482,127.3787118,36.3811641,0.0,30.111
1557759272728,81.5,127.3788603,36.3819657,0.0,52.005
1557759277752,81.8000030518,127.3787552,36.3827323,0.0,17.594
1557759282810,86.6999969482,127.3788813,36.3832944,0.0,17.645
1557759287860,0.0,127.3787773,36.3839234,0.0,32.851
1557759292904,87.5,127.3788565,36.384687,0.0,41.119
1557759297940,0.0,127.378703,36.3851133,0.0,32.732
1557759302986,0.0,127.3786347,36.3852619,0.0,32.852
1557759306786,92.9000015259,127.3787629,36.3851941,0.0,17.75
1557759318064,0.0,127.3786829,36.3852294,0.0,19.915
1557759323040,0.0,127.378592,36.3854281,0.0,36.104
1557759328100,90.1999969482,127.3787949,36.3851155,0.0,29.965
1557759333453,125.699996948,127.3785883,36.3853391,0.0,37.028
1557759338528,0.0,127.3785817,36.3853986,0.0,35.508
1557759343354,93.4000015259,127.3784986,36.3857114,0.0,45.942
1557759348385,90.0999984741,127.3787144,36.3859613,0.0,38.26
1557759353546,113.599998474,127.3785884,36.3864794,0.0,20.207
1557759358658,0.0,127.3784324,36.387447,0.0,32.542
1557759363771,0.0,127.3785125,36.3878718,0.0,18.445
1557759368832,104.400001526,127.3786215,36.3881419,0.0,18.708
1557759373857,103.400001526,127.3787732,36.3883881,0.0,19.914
1557759378887,106.400001526,127.3794295,36.3885532,0.0,25.203
1557759383934,119.0,127.3801836,36.3883791,0.0,30.363
1557759389132,118.099998474,127.3809366,36.3886069,0.0,31.184
1557759394155,0.0,127.3813351,36.3882852,0.0,89.28
1557759397880,0.0,127.3814086,36.3882259,0.0,119.552
1557759407951,0.0,127.3814575,36.3881864,0.0,206.652
1557759413057,0.0,127.3788839,36.388639,0.0,2900.0
1557759418738,0.0,127.3872303,36.3858852,0.0,1600.0
1557759423835,0.0,127.3935729,36.3902821,0.0,2700.0
1557759428861,0.0,127.3929053,36.3899422,0.0,2299.999
1557759455460,83.0,127.3957187,36.3911228,0.0,41.086
1557759460486,0.0,127.3962545,36.3910045,0.0,31.124
1557759465546,0.0,127.3967194,36.3902423,0.0,97.862
1557759470598,97.5999984741,127.3975725,36.3900094,0.0,51.733
1557759475619,0.0,127.3991766,36.3906331,0.0,61.285
1557759480645,81.0,127.3995009,36.3906537,0.0,67.884
1557759485699,0.0,127.3997359,36.3912165,0.0,69.506
1557759490730,78.5,127.3998324,36.3915122,0.0,99.034
1557759495781,0.0,127.3996916,36.3913421,0.0,84.463
1557759500839,87.6999969482,127.399694,36.3920346,0.0,93.52
1557759505879,87.9000015259,127.3994425,36.3927486,0.0,45.737
1557759510916,0.0,127.3996403,36.3930605,0.0,65.003
1557759520981,0.0,127.3995984,36.3931213,0.0,43.613
1557759526022,87.9000015259,127.3999906,36.3930843,0.0,49.078
1557759531049,0.0,127.4003581,36.3931368,0.0,32.905
1557759536183,83.6999969482,127.4005833,36.3932182,0.0,38.164
1557759541354,91.6999969482,127.4005024,36.3932687,0.0,42.082
1557759546568,0.0,127.4007001,36.3933753,0.0,32.138
1557759551610,87.9000015259,127.4007613,36.3933363,0.0,27.953
1557759556790,100.300003052,127.4007385,36.3933963,0.0,35.794
1557759561891,0.0,127.4008002,36.393218,0.0,36.055
1557759567023,87.8000030518,127.4007644,36.3931773,0.0,28.447
1557759572120,0.0,127.4004622,36.3930847,0.0,65.683
1557759577240,70.0,127.4003741,36.3930627,0.0,51.353
1557759582373,70.0,127.4003104,36.3931108,0.0,43.219
1557759587598,70.0,127.4002577,36.3931616,0.0,43.358
1557759592696,70.0,127.4003054,36.3931136,0.0,41.466
1557759597835,70.0,127.4003951,36.3932449,0.0,77.62
1557759603213,70.0,127.4004714,36.3931368,0.0,65.749
1557759608271,70.0,127.4003207,36.39311,0.0,44.038
1557759613361,70.0,127.4004064,36.3932505,0.0,69.559
1557759618507,70.0,127.4004272,36.3930689,0.0,57.025
1557759633623,70.0,127.4004207,36.3932634,0.0,59.697
1557759678003,0.0,127.3959096,36.3905963,0.0,2799.999
1557759744523,70.0,127.4002137,36.3931677,0.0,51.595
1557759749561,70.0,127.4001972,36.393103,0.0,57.671
1557759754604,70.0,127.4003256,36.3930468,0.0,42.791
1557759759648,70.0,127.4004072,36.3932555,0.0,50.035
1557759764644,70.0,127.4002607,36.3931283,0.0,40.58
1557759769646,70.0,127.4003944,36.3932498,0.0,73.146
1557759774712,70.0,127.4002407,36.3931849,0.0,41.793
1557759779785,70.0,127.400343,36.3931175,0.0,33.542
1557759789861,70.0,127.4002951,36.3931467,0.0,36.773
1557759804967,70.0,127.4004144,36.3932657,0.0,40.106
1557759810008,70.0,127.4002868,36.3931423,0.0,42.732
1557759815020,70.0,127.400452,36.3931115,0.0,60.756
1557759835132,70.0,127.4004194,36.3932496,0.0,69.892
1557759840136,70.0,127.4003562,36.3931148,0.0,37.016
1557759855241,70.0,127.4004077,36.3932623,0.0,44.9
1557759865256,70.0,127.4002939,36.3931156,0.0,33.932
1557759870292,70.0,127.4004079,36.3932646,0.0,40.082
1557759875354,70.0,127.4002884,36.3931459,0.0,42.799
1557759880389,70.0,127.4004044,36.3932628,0.0,50.333
1557759885370,70.0,127.4002529,36.3931386,0.0,39.331
1557759890374,70.0,127.4003014,36.3930717,0.0,36.042
1557759895452,70.0,127.4002977,36.393314,0.0,47.601
1557759900509,70.0,127.4004062,36.393275,0.0,47.858
1557759910494,70.0,127.4003421,36.393099,0.0,36.86
1557759915531,70.0,127.4002846,36.3931184,0.0,41.497
1557759920522,70.0,127.4003124,36.3930698,0.0,37.419
1557759931942,70.0,127.4004096,36.3932623,0.0,50.828
1557760232964,70.0,127.4004802,36.3931085,0.0,51.153
1557760339256,70.0,127.4004203,36.3932734,0.0,47.465
1557760358002,70.0,127.4003825,36.3930906,0.0,36.957
1557760363024,70.0,127.4003466,36.3931603,0.0,33.892
1557760369386,70.0,127.400418,36.3932698,0.0,40.675
1557760408617,70.0,127.4004279,36.3933157,0.0,28.177
1557760425013,70.0,127.4004404,36.3932471,0.0,37.867
1557760446109,78.6999969482,127.4003919,36.3933283,0.0,24.668
1557760466797,75.6999969482,127.4001692,36.3933255,0.0,15.772
1557760492986,75.6999969482,127.4001025,36.3933304,0.0,15.272
1557760498321,75.8000030518,127.4000198,36.393347,0.0,15.252
1557760503425,75.6999969482,127.3999422,36.393351,0.0,18.26
1557760508492,0.0,127.3998602,36.3933415,0.0,16.273
1557760524872,0.0,127.3998047,36.3933371,0.0,14.627
1557760539899,75.8000030518,127.399797,36.3933967,0.0,14.242
1557760551358,0.0,127.3996427,36.3934279,0.0,22.686
1557760556346,0.0,127.3995094,36.3934663,0.0,22.941
1557760566442,0.0,127.3995057,36.393568,0.0,21.336
1557760572453,0.0,127.3995508,36.3936016,0.0,23.841
1557760577885,0.0,127.3996491,36.393654,0.0,17.732
1557760587929,0.0,127.39976,36.393589,0.0,16.289
1557760604266,0.0,127.3996824,36.3936595,0.0,16.154
1557760625372,0.0,127.3997663,36.3936596,0.0,21.172
1557760630676,0.0,127.3997054,36.3937788,0.0,21.943
1557760635722,0.0,127.3996179,36.393944,0.0,16.382
1557760650845,79.0999984741,127.3996168,36.3941353,0.0,15.863
1557760662257,79.1999969482,127.3996334,36.3943172,0.0,16.777
1557760676684,81.9000015259,127.3996106,36.3944124,0.0,17.059
1557760686749,79.1999969482,127.3995791,36.3944566,0.0,15.26
1557760696837,79.0999984741,127.3994723,36.3944752,0.0,15.007
1557760702794,78.5999984741,127.3994293,36.3945262,0.0,15.849
1557760708465,78.5999984741,127.3994394,36.3946361,0.0,15.461
1557760714509,78.5999984741,127.399356,36.3945871,0.0,15.012
1557760724392,78.5999984741,127.3992913,36.3946506,0.0,14.499
1557760760026,78.5999984741,127.3992913,36.3946506,0.0,14.499
1557760791555,85.4000015259,127.3992448,36.3945482,0.0,15.414
1557760822710,85.5999984741,127.3992167,36.3944921,0.0,14.396
1557760857792,85.5999984741,127.399212,36.3944905,0.0,14.566
1557761537526,85.5999984741,127.3992295,36.3944891,0.0,14.726
1557761737521,85.5999984741,127.3992138,36.3943889,0.0,17.735
1557761740395,85.5999984741,127.3992098,36.3944772,0.0,17.242
1557761757639,85.5999984741,127.3992269,36.3945217,0.0,36.494
1557762106953,85.5999984741,127.3992184,36.3944983,0.0,17.206
1557762181440,85.5999984741,127.3992152,36.3944521,0.0,15.231
1557762781612,85.5999984741,127.3992279,36.394518,0.0,15.056
1557770461187,0.0,127.3962434,36.3919335,0.0,2500.0
1557770579158,85.5999984741,127.3992085,36.3944937,0.0,14.947
1557790142364,0.0,127.4029189,36.3947481,0.0,400.0
1557791511122,85.5999984741,127.3992073,36.3944812,0.0,14.899
