timestamp,encoding,duration,path,sampleRate,channelMask
1558396985118,PCM16BIT,15000,/storage/emulated/0/Android/data/kaist.iclab.abclogger/files/1558396969867.record,8000,MONO
1558397900597,PCM16BIT,15000,/storage/emulated/0/Android/data/kaist.iclab.abclogger/files/1558397885274.record,8000,MONO
1558398816003,PCM16BIT,15000,/storage/emulated/0/Android/data/kaist.iclab.abclogger/files/1558398800735.record,8000,MONO
1558399731294,PCM16BIT,15000,/storage/emulated/0/Android/data/kaist.iclab.abclogger/files/1558399716118.record,8000,MONO
1558401012464,PCM16BIT,15000,/storage/emulated/0/Android/data/kaist.iclab.abclogger/files/1558400997171.record,8000,MONO
1558402259326,PCM16BIT,15000,/storage/emulated/0/Android/data/kaist.iclab.abclogger/files/1558402244111.record,8000,MONO
1558403175164,PCM16BIT,15000,/storage/emulated/0/Android/data/kaist.iclab.abclogger/files/1558403159890.record,8000,MONO
1558404090517,PCM16BIT,15000,/storage/emulated/0/Android/data/kaist.iclab.abclogger/files/1558404075294.record,8000,MONO
1558405005958,PCM16BIT,15000,/storage/emulated/0/Android/data/kaist.iclab.abclogger/files/1558404990645.record,8000,MONO
1558405921342,PCM16BIT,15000,/storage/emulated/0/Android/data/kaist.iclab.abclogger/files/1558405906127.record,8000,MONO
1558406836721,PCM16BIT,15000,/storage/emulated/0/Android/data/kaist.iclab.abclogger/files/1558406821480.record,8000,MONO
1558407752035,PCM16BIT,15000,/storage/emulated/0/Android/data/kaist.iclab.abclogger/files/1558407736801.record,8000,MONO
1558408667479,PCM16BIT,15000,/storage/emulated/0/Android/data/kaist.iclab.abclogger/files/1558408652182.record,8000,MONO
1558409582845,PCM16BIT,15000,/storage/emulated/0/Android/data/kaist.iclab.abclogger/files/1558409567587.record,8000,MONO
1558410498236,PCM16BIT,15000,/storage/emulated/0/Android/data/kaist.iclab.abclogger/files/1558410482942.record,8000,MONO
1558411413657,PCM16BIT,15000,/storage/emulated/0/Android/data/kaist.iclab.abclogger/files/1558411398338.record,8000,MONO
1558412328982,PCM16BIT,15000,/storage/emulated/0/Android/data/kaist.iclab.abclogger/files/1558412313795.record,8000,MONO
1558413244309,PCM16BIT,15000,/storage/emulated/0/Android/data/kaist.iclab.abclogger/files/1558413229134.record,8000,MONO
1558414159606,PCM16BIT,15000,/storage/emulated/0/Android/data/kaist.iclab.abclogger/files/1558414144407.record,8000,MONO
1558415074914,PCM16BIT,15000,/storage/emulated/0/Android/data/kaist.iclab.abclogger/files/1558415059721.record,8000,MONO
1558415990261,PCM16BIT,15000,/storage/emulated/0/Android/data/kaist.iclab.abclogger/files/1558415975040.record,8000,MONO
1558416905635,PCM16BIT,15000,/storage/emulated/0/Android/data/kaist.iclab.abclogger/files/1558416890342.record,8000,MONO
1558417821044,PCM16BIT,15000,/storage/emulated/0/Android/data/kaist.iclab.abclogger/files/1558417805765.record,8000,MONO
1558418736341,PCM16BIT,15000,/storage/emulated/0/Android/data/kaist.iclab.abclogger/files/1558418721155.record,8000,MONO
1558419651763,PCM16BIT,15000,/storage/emulated/0/Android/data/kaist.iclab.abclogger/files/1558419636467.record,8000,MONO
1558420567200,PCM16BIT,15000,/storage/emulated/0/Android/data/kaist.iclab.abclogger/files/1558420551881.record,8000,MONO
1558421482588,PCM16BIT,15000,/storage/emulated/0/Android/data/kaist.iclab.abclogger/files/1558421467315.record,8000,MONO
1558422398017,PCM16BIT,15000,/storage/emulated/0/Android/data/kaist.iclab.abclogger/files/1558422382726.record,8000,MONO
1558423313479,PCM16BIT,15000,/storage/emulated/0/Android/data/kaist.iclab.abclogger/files/1558423298149.record,8000,MONO
1558424228925,PCM16BIT,15000,/storage/emulated/0/Android/data/kaist.iclab.abclogger/files/1558424213639.record,8000,MONO
1558425144329,PCM16BIT,15000,/storage/emulated/0/Android/data/kaist.iclab.abclogger/files/1558425129045.record,8000,MONO
1558426059745,PCM16BIT,15000,/storage/emulated/0/Android/data/kaist.iclab.abclogger/files/1558426044460.record,8000,MONO
1558426975134,PCM16BIT,15000,/storage/emulated/0/Android/data/kaist.iclab.abclogger/files/1558426959857.record,8000,MONO
1558427890519,PCM16BIT,15000,/storage/emulated/0/Android/data/kaist.iclab.abclogger/files/1558427875275.record,8000,MONO
1558428805893,PCM16BIT,15000,/storage/emulated/0/Android/data/kaist.iclab.abclogger/files/1558428790619.record,8000,MONO
1558429721141,PCM16BIT,15000,/storage/emulated/0/Android/data/kaist.iclab.abclogger/files/1558429705975.record,8000,MONO
1558430636538,PCM16BIT,15000,/storage/emulated/0/Android/data/kaist.iclab.abclogger/files/1558430621257.record,8000,MONO
1558431552035,PCM16BIT,15000,/storage/emulated/0/Android/data/kaist.iclab.abclogger/files/1558431536690.record,8000,MONO
1558432467333,PCM16BIT,15000,/storage/emulated/0/Android/data/kaist.iclab.abclogger/files/1558432452189.record,8000,MONO
1558433382797,PCM16BIT,15000,/storage/emulated/0/Android/data/kaist.iclab.abclogger/files/1558433367426.record,8000,MONO
1558434298085,PCM16BIT,15000,/storage/emulated/0/Android/data/kaist.iclab.abclogger/files/1558434282889.record,8000,MONO
1558435213576,PCM16BIT,15000,/storage/emulated/0/Android/data/kaist.iclab.abclogger/files/1558435198221.record,8000,MONO
1558436128931,PCM16BIT,15000,/storage/emulated/0/Android/data/kaist.iclab.abclogger/files/1558436113692.record,8000,MONO
1558437044400,PCM16BIT,15000,/storage/emulated/0/Android/data/kaist.iclab.abclogger/files/1558437029080.record,8000,MONO
1558437959817,PCM16BIT,15000,/storage/emulated/0/Android/data/kaist.iclab.abclogger/files/1558437944519.record,8000,MONO
1558438875090,PCM16BIT,15000,/storage/emulated/0/Android/data/kaist.iclab.abclogger/files/1558438859912.record,8000,MONO
1558439790429,PCM16BIT,15000,/storage/emulated/0/Android/data/kaist.iclab.abclogger/files/1558439775187.record,8000,MONO
1558440705682,PCM16BIT,15000,/storage/emulated/0/Android/data/kaist.iclab.abclogger/files/1558440690524.record,8000,MONO
1558441620976,PCM16BIT,15000,/storage/emulated/0/Android/data/kaist.iclab.abclogger/files/1558441605792.record,8000,MONO
1558442536387,PCM16BIT,15000,/storage/emulated/0/Android/data/kaist.iclab.abclogger/files/1558442521100.record,8000,MONO
1558443451691,PCM16BIT,15000,/storage/emulated/0/Android/data/kaist.iclab.abclogger/files/1558443436542.record,8000,MONO
1558444366931,PCM16BIT,15000,/storage/emulated/0/Android/data/kaist.iclab.abclogger/files/1558444351758.record,8000,MONO
1558445282348,PCM16BIT,15000,/storage/emulated/0/Android/data/kaist.iclab.abclogger/files/1558445267104.record,8000,MONO
1558446197748,PCM16BIT,15000,/storage/emulated/0/Android/data/kaist.iclab.abclogger/files/1558446182478.record,8000,MONO
1558447113080,PCM16BIT,15000,/storage/emulated/0/Android/data/kaist.iclab.abclogger/files/1558447097907.record,8000,MONO
1558448028528,PCM16BIT,15000,/storage/emulated/0/Android/data/kaist.iclab.abclogger/files/1558448013236.record,8000,MONO
1558448943845,PCM16BIT,15000,/storage/emulated/0/Android/data/kaist.iclab.abclogger/files/1558448928616.record,8000,MONO
1558449859234,PCM16BIT,15000,/storage/emulated/0/Android/data/kaist.iclab.abclogger/files/1558449843929.record,8000,MONO
1558450774615,PCM16BIT,15000,/storage/emulated/0/Android/data/kaist.iclab.abclogger/files/1558450759365.record,8000,MONO
1558451690009,PCM16BIT,15000,/storage/emulated/0/Android/data/kaist.iclab.abclogger/files/1558451674755.record,8000,MONO
1558452605422,PCM16BIT,15000,/storage/emulated/0/Android/data/kaist.iclab.abclogger/files/1558452590141.record,8000,MONO
1558453520835,PCM16BIT,15000,/storage/emulated/0/Android/data/kaist.iclab.abclogger/files/1558453505522.record,8000,MONO
1558454436186,PCM16BIT,15000,/storage/emulated/0/Android/data/kaist.iclab.abclogger/files/1558454420987.record,8000,MONO
1558455351492,PCM16BIT,15000,/storage/emulated/0/Android/data/kaist.iclab.abclogger/files/1558455336315.record,8000,MONO
1558456266728,PCM16BIT,15000,/storage/emulated/0/Android/data/kaist.iclab.abclogger/files/1558456251615.record,8000,MONO
1558457182080,PCM16BIT,15000,/storage/emulated/0/Android/data/kaist.iclab.abclogger/files/1558457166862.record,8000,MONO
1558458097463,PCM16BIT,15000,/storage/emulated/0/Android/data/kaist.iclab.abclogger/files/1558458082201.record,8000,MONO
1558459012877,PCM16BIT,15000,/storage/emulated/0/Android/data/kaist.iclab.abclogger/files/1558458997571.record,8000,MONO
1558459992499,PCM16BIT,15000,/storage/emulated/0/Android/data/kaist.iclab.abclogger/files/1558459977199.record,8000,MONO
1558460907914,PCM16BIT,15000,/storage/emulated/0/Android/data/kaist.iclab.abclogger/files/1558460892636.record,8000,MONO
1558461088956,PCM16BIT,15000,/storage/emulated/0/Android/data/kaist.iclab.abclogger/files/1558461073753.record,8000,MONO
1558462004210,PCM16BIT,15000,/storage/emulated/0/Android/data/kaist.iclab.abclogger/files/1558461989016.record,8000,MONO
1558462919476,PCM16BIT,15000,/storage/emulated/0/Android/data/kaist.iclab.abclogger/files/1558462904319.record,8000,MONO
1558463834732,PCM16BIT,15000,/storage/emulated/0/Android/data/kaist.iclab.abclogger/files/1558463819563.record,8000,MONO
1558464749978,PCM16BIT,15000,/storage/emulated/0/Android/data/kaist.iclab.abclogger/files/1558464734817.record,8000,MONO
1558465665215,PCM16BIT,15000,/storage/emulated/0/Android/data/kaist.iclab.abclogger/files/1558465650055.record,8000,MONO
1558466580537,PCM16BIT,15000,/storage/emulated/0/Android/data/kaist.iclab.abclogger/files/1558466565300.record,8000,MONO
1558467495803,PCM16BIT,15000,/storage/emulated/0/Android/data/kaist.iclab.abclogger/files/1558467480637.record,8000,MONO
1558468411110,PCM16BIT,15000,/storage/emulated/0/Android/data/kaist.iclab.abclogger/files/1558468395903.record,8000,MONO
1558469326362,PCM16BIT,15000,/storage/emulated/0/Android/data/kaist.iclab.abclogger/files/1558469311202.record,8000,MONO
1558470241637,PCM16BIT,15000,/storage/emulated/0/Android/data/kaist.iclab.abclogger/files/1558470226454.record,8000,MONO
1558471156861,PCM16BIT,15000,/storage/emulated/0/Android/data/kaist.iclab.abclogger/files/1558471141719.record,8000,MONO
1558472072153,PCM16BIT,15000,/storage/emulated/0/Android/data/kaist.iclab.abclogger/files/1558472056963.record,8000,MONO
1558472987455,PCM16BIT,15000,/storage/emulated/0/Android/data/kaist.iclab.abclogger/files/1558472972292.record,8000,MONO
1558473902712,PCM16BIT,15000,/storage/emulated/0/Android/data/kaist.iclab.abclogger/files/1558473887543.record,8000,MONO
1558474817965,PCM16BIT,15000,/storage/emulated/0/Android/data/kaist.iclab.abclogger/files/1558474802802.record,8000,MONO
1558475733224,PCM16BIT,15000,/storage/emulated/0/Android/data/kaist.iclab.abclogger/files/1558475718051.record,8000,MONO
1558476648476,PCM16BIT,15000,/storage/emulated/0/Android/data/kaist.iclab.abclogger/files/1558476633306.record,8000,MONO
1558477563753,PCM16BIT,15000,/storage/emulated/0/Android/data/kaist.iclab.abclogger/files/1558477548576.record,8000,MONO
1558478478997,PCM16BIT,15000,/storage/emulated/0/Android/data/kaist.iclab.abclogger/files/1558478463828.record,8000,MONO
1558479394295,PCM16BIT,15000,/storage/emulated/0/Android/data/kaist.iclab.abclogger/files/1558479379128.record,8000,MONO
1558480309550,PCM16BIT,15000,/storage/emulated/0/Android/data/kaist.iclab.abclogger/files/1558480294395.record,8000,MONO
1558481224780,PCM16BIT,15000,/storage/emulated/0/Android/data/kaist.iclab.abclogger/files/1558481209633.record,8000,MONO
1558482140030,PCM16BIT,15000,/storage/emulated/0/Android/data/kaist.iclab.abclogger/files/1558482124854.record,8000,MONO
1558483055293,PCM16BIT,15000,/storage/emulated/0/Android/data/kaist.iclab.abclogger/files/1558483040116.record,8000,MONO
