timestamp,confidence,type
1556781798335,1.0,STILL
1556781798503,1.0,STILL
1556781800968,1.0,STILL
1556781801010,1.0,STILL
1556782241491,1.0,STILL
1556782801836,1.0,STILL
1556783290076,1.0,STILL
1556783422586,1.0,STILL
1556783942622,1.0,STILL
1556783946170,1.0,STILL
1556782578362,1.0,TILTING
1556784606104,0.5,ON_FOOT
1556784606104,0.5,WALKING
1556784606104,0.22,UNKNOWN
1556784606104,0.07,RUNNING
1556784606104,0.06,ON_BICYCLE
1556784606104,0.05,IN_VEHICLE
1556784606104,0.05,STILL
1556784624819,0.94,ON_FOOT
1556784624819,0.94,WALKING
1556784624819,0.03,RUNNING
1556784624819,0.02,UNKNOWN
1556784624819,0.01,IN_VEHICLE
1556784637575,0.99,ON_FOOT
1556784637575,0.99,WALKING
1556784637575,0.01,UNKNOWN
1556784652641,0.39,ON_FOOT
1556784652641,0.39,WALKING
1556784652641,0.27,UNKNOWN
1556784652641,0.07,IN_VEHICLE
1556784652641,0.07,ON_BICYCLE
1556784652641,0.07,STILL
1556784652641,0.07,RUNNING
1556784660263,1.0,TILTING
1556784667885,0.29,ON_FOOT
1556784667885,0.29,WALKING
1556784667885,0.25,STILL
1556784667885,0.21,UNKNOWN
1556784667885,0.09,IN_VEHICLE
1556784667885,0.05,ON_BICYCLE
1556784667885,0.05,RUNNING
1556784675461,1.0,TILTING
1556784683036,0.36,STILL
1556784683036,0.21,UNKNOWN
1556784683036,0.14,ON_FOOT
1556784683036,0.14,WALKING
1556784683036,0.09,IN_VEHICLE
1556784683036,0.08,ON_BICYCLE
1556784683036,0.06,RUNNING
1556784698156,0.33,ON_FOOT
1556784698156,0.33,WALKING
1556784698156,0.21,UNKNOWN
1556784698156,0.15,STILL
1556784698156,0.13,IN_VEHICLE
1556784698156,0.06,ON_BICYCLE
1556784698156,0.05,RUNNING
1556784713692,0.98,ON_FOOT
1556784713692,0.98,WALKING
1556784713692,0.02,UNKNOWN
1556784728998,0.98,ON_FOOT
1556784728998,0.98,WALKING
1556784728998,0.02,UNKNOWN
1556784744228,1.0,ON_FOOT
1556784744228,1.0,WALKING
1556784759527,0.99,ON_FOOT
1556784759527,0.99,WALKING
1556784759527,0.01,RUNNING
1556784771179,0.55,ON_FOOT
1556784771179,0.55,WALKING
1556784771179,0.21,UNKNOWN
1556784771179,0.05,IN_VEHICLE
1556784771179,0.05,ON_BICYCLE
1556784771179,0.05,STILL
1556784771179,0.05,RUNNING
1556784776780,1.0,TILTING
1556784782381,0.62,ON_FOOT
1556784782381,0.62,WALKING
1556784782381,0.09,IN_VEHICLE
1556784782381,0.09,STILL
1556784782381,0.09,UNKNOWN
1556784782381,0.03,RUNNING
1556784782381,0.02,ON_BICYCLE
1556784797432,0.61,IN_VEHICLE
1556784797432,0.17,UNKNOWN
1556784797432,0.1,STILL
1556784797432,0.04,ON_BICYCLE
1556784797432,0.04,ON_FOOT
1556784797432,0.04,WALKING
1556784797432,0.04,RUNNING
1556784812512,0.79,IN_VEHICLE
1556784812512,0.43,STILL
1556784812512,0.02,ON_FOOT
1556784812512,0.02,WALKING
1556784812512,0.01,ON_BICYCLE
1556784812512,0.01,UNKNOWN
1556784827669,1.0,IN_VEHICLE
1556784827669,0.01,STILL
1556784842754,0.61,IN_VEHICLE
1556784842754,0.17,UNKNOWN
1556784842754,0.1,STILL
1556784842754,0.04,ON_BICYCLE
1556784842754,0.04,ON_FOOT
1556784842754,0.04,WALKING
1556784842754,0.04,RUNNING
1556784857858,0.61,IN_VEHICLE
1556784857858,0.17,UNKNOWN
1556784857858,0.1,STILL
1556784857858,0.04,ON_BICYCLE
1556784857858,0.04,ON_FOOT
1556784857858,0.04,WALKING
1556784857858,0.04,RUNNING
1556784872973,1.0,IN_VEHICLE
1556784872973,0.02,STILL
1556784888061,1.0,IN_VEHICLE
1556784903185,0.61,IN_VEHICLE
1556784903185,0.17,UNKNOWN
1556784903185,0.1,STILL
1556784903185,0.04,ON_BICYCLE
1556784903185,0.04,ON_FOOT
1556784903185,0.04,WALKING
1556784903185,0.04,RUNNING
1556784918287,1.0,IN_VEHICLE
1556784933415,0.61,IN_VEHICLE
1556784933415,0.17,UNKNOWN
1556784933415,0.1,STILL
1556784933415,0.04,ON_BICYCLE
1556784933415,0.04,ON_FOOT
1556784933415,0.04,WALKING
1556784933415,0.04,RUNNING
1556784948510,1.0,IN_VEHICLE
1556784948510,0.02,STILL
1556784965392,0.61,IN_VEHICLE
1556784965392,0.17,UNKNOWN
1556784965392,0.1,STILL
1556784965392,0.04,ON_BICYCLE
1556784965392,0.04,ON_FOOT
1556784965392,0.04,WALKING
1556784965392,0.04,RUNNING
1556784980069,1.0,IN_VEHICLE
1556784995175,0.61,IN_VEHICLE
1556784995175,0.17,UNKNOWN
1556784995175,0.1,STILL
1556784995175,0.04,ON_BICYCLE
1556784995175,0.04,ON_FOOT
1556784995175,0.04,WALKING
1556784995175,0.04,RUNNING
1556785010292,1.0,IN_VEHICLE
1556785025428,0.61,IN_VEHICLE
1556785025428,0.17,UNKNOWN
1556785025428,0.1,STILL
1556785025428,0.04,ON_BICYCLE
1556785025428,0.04,ON_FOOT
1556785025428,0.04,WALKING
1556785025428,0.04,RUNNING
1556785030311,1.0,TILTING
1556785030151,1.0,TILTING
1556785034874,0.4,UNKNOWN
1556785034874,0.1,IN_VEHICLE
1556785034874,0.1,ON_BICYCLE
1556785034874,0.1,ON_FOOT
1556785034874,0.1,STILL
1556785034874,0.1,WALKING
1556785034874,0.1,RUNNING
1556785047294,0.99,ON_FOOT
1556785047294,0.99,WALKING
1556785047294,0.01,UNKNOWN
1556785062381,0.86,ON_FOOT
1556785062381,0.86,WALKING
1556785062381,0.03,ON_BICYCLE
1556785062381,0.03,UNKNOWN
1556785062381,0.03,RUNNING
1556785062381,0.02,IN_VEHICLE
1556785062381,0.01,STILL
1556785083542,0.99,ON_FOOT
1556785083542,0.99,WALKING
1556785083542,0.01,UNKNOWN
1556785099259,1.0,ON_FOOT
1556785099259,1.0,WALKING
1556785108880,1.0,TILTING
1556785118501,0.44,ON_FOOT
1556785118501,0.44,WALKING
1556785118501,0.22,UNKNOWN
1556785118501,0.11,STILL
1556785118501,0.07,IN_VEHICLE
1556785118501,0.06,ON_BICYCLE
1556785118501,0.05,RUNNING
1556785123076,0.87,ON_FOOT
1556785123076,0.87,WALKING
1556785123076,0.08,STILL
1556785123076,0.02,UNKNOWN
1556785123076,0.01,IN_VEHICLE
1556785123076,0.01,ON_BICYCLE
1556785142233,0.3,ON_FOOT
1556785142233,0.3,WALKING
1556785142233,0.26,STILL
1556785142233,0.21,UNKNOWN
1556785142233,0.08,IN_VEHICLE
1556785142233,0.05,ON_BICYCLE
1556785142233,0.05,RUNNING
1556785147084,0.93,ON_FOOT
1556785147084,0.93,WALKING
1556785147084,0.03,STILL
1556785147084,0.02,UNKNOWN
1556785147084,0.01,IN_VEHICLE
1556785147084,0.01,ON_BICYCLE
1556785151918,0.96,ON_FOOT
1556785151918,0.96,WALKING
1556785151918,0.03,UNKNOWN
1556785151918,0.01,STILL
1556785157258,0.95,ON_FOOT
1556785157258,0.95,WALKING
1556785157258,0.02,UNKNOWN
1556785157258,0.01,IN_VEHICLE
1556785157258,0.01,ON_BICYCLE
1556785157258,0.01,STILL
1556785161795,0.97,ON_FOOT
1556785161795,0.97,WALKING
1556785161795,0.01,ON_BICYCLE
1556785161795,0.01,UNKNOWN
1556785161795,0.01,RUNNING
1556785167395,0.79,ON_FOOT
1556785167395,0.79,WALKING
1556785167395,0.09,STILL
1556785167395,0.04,IN_VEHICLE
1556785167395,0.02,ON_BICYCLE
1556785167395,0.02,UNKNOWN
1556785167395,0.02,RUNNING
1556785180567,0.69,ON_FOOT
1556785180567,0.69,WALKING
1556785180567,0.27,STILL
1556785180567,0.02,UNKNOWN
1556785180567,0.01,IN_VEHICLE
1556785180567,0.01,ON_BICYCLE
1556785180567,0.01,RUNNING
1556785195856,1.0,STILL
1556785207010,1.0,STILL
1556785222119,1.0,STILL
1556785237287,1.0,STILL
1556785252452,1.0,STILL
1556785267583,1.0,STILL
1556785282721,1.0,STILL
1556785297852,1.0,STILL
1556785312985,1.0,STILL
1556785328125,1.0,STILL
1556785344051,1.0,STILL
1556785359169,1.0,STILL
1556785374283,1.0,STILL
1556785389421,1.0,STILL
1556785404527,1.0,STILL
1556785419657,1.0,STILL
1556785434757,1.0,STILL
1556785449893,1.0,STILL
1556785465076,1.0,STILL
1556785480230,1.0,STILL
1556785495347,1.0,STILL
1556785508061,1.0,STILL
1556785523155,1.0,STILL
1556785538256,1.0,STILL
1556785553378,1.0,STILL
1556785568493,1.0,STILL
1556785583619,1.0,STILL
1556785598806,1.0,STILL
1556785613992,1.0,STILL
1556787422110,1.0,STILL
1556787422269,1.0,STILL
1556787425071,1.0,STILL
1556787747917,1.0,STILL
1556787748055,1.0,STILL
1556787750132,1.0,STILL
1556788264377,0.87,ON_FOOT
1556788264377,0.87,WALKING
1556788264377,0.04,STILL
1556788264377,0.03,ON_BICYCLE
1556788264377,0.02,IN_VEHICLE
1556788264377,0.01,UNKNOWN
1556788264377,0.01,RUNNING
1556788268836,1.0,TILTING
1556788273295,0.95,ON_FOOT
1556788273295,0.95,WALKING
1556788273295,0.03,UNKNOWN
1556788273295,0.01,ON_BICYCLE
1556788273295,0.01,STILL
1556788278126,0.96,ON_FOOT
1556788278126,0.96,WALKING
1556788278126,0.02,RUNNING
1556788278126,0.01,ON_BICYCLE
1556788278126,0.01,UNKNOWN
1556788283149,0.9,ON_FOOT
1556788283149,0.9,WALKING
1556788283149,0.04,ON_BICYCLE
1556788283149,0.02,STILL
1556788283149,0.01,IN_VEHICLE
1556788283149,0.01,UNKNOWN
1556788283149,0.01,RUNNING
1556788294839,1.0,TILTING
1556788306528,0.33,STILL
1556788306528,0.23,ON_FOOT
1556788306528,0.23,WALKING
1556788306528,0.12,UNKNOWN
1556788306528,0.11,ON_BICYCLE
1556788306528,0.1,IN_VEHICLE
1556788306528,0.07,RUNNING
1556788326600,0.72,ON_FOOT
1556788326600,0.72,WALKING
1556788326600,0.11,UNKNOWN
1556788326600,0.04,ON_BICYCLE
1556788326600,0.04,STILL
1556788326600,0.04,RUNNING
1556788326600,0.03,IN_VEHICLE
1556788334867,1.0,TILTING
1556788343133,0.96,ON_FOOT
1556788343133,0.96,WALKING
1556788343133,0.02,UNKNOWN
1556788343133,0.01,ON_BICYCLE
1556788343133,0.01,RUNNING
1556788350811,1.0,TILTING
1556788358489,0.99,ON_FOOT
1556788358489,0.99,WALKING
1556788358489,0.01,UNKNOWN
1556788366123,1.0,TILTING
1556788373757,0.54,ON_FOOT
1556788373757,0.54,WALKING
1556788373757,0.21,UNKNOWN
1556788373757,0.06,STILL
1556788373757,0.05,IN_VEHICLE
1556788373757,0.05,ON_BICYCLE
1556788373757,0.05,RUNNING
1556788381259,1.0,TILTING
1556788388760,0.34,ON_FOOT
1556788388760,0.34,WALKING
1556788388760,0.21,UNKNOWN
1556788388760,0.15,STILL
1556788388760,0.1,IN_VEHICLE
1556788388760,0.07,ON_BICYCLE
1556788388760,0.06,RUNNING
1556788393295,0.82,ON_FOOT
1556788393295,0.82,WALKING
1556788393295,0.09,STILL
1556788393295,0.03,IN_VEHICLE
1556788393295,0.02,ON_BICYCLE
1556788393295,0.01,UNKNOWN
1556788393295,0.01,RUNNING
1556788413245,0.24,STILL
1556788413245,0.21,UNKNOWN
1556788413245,0.18,IN_VEHICLE
1556788413245,0.15,ON_FOOT
1556788413245,0.15,WALKING
1556788413245,0.07,ON_BICYCLE
1556788413245,0.05,RUNNING
1556788443071,0.56,ON_FOOT
1556788443071,0.56,WALKING
1556788443071,0.12,STILL
1556788443071,0.1,UNKNOWN
1556788443071,0.07,IN_VEHICLE
1556788443071,0.06,ON_BICYCLE
1556788443071,0.03,RUNNING
1556788473777,0.35,STILL
1556788473777,0.17,IN_VEHICLE
1556788473777,0.14,ON_FOOT
1556788473777,0.14,WALKING
1556788473777,0.12,UNKNOWN
1556788473777,0.06,ON_BICYCLE
1556788473777,0.03,RUNNING
1556788488983,0.33,STILL
1556788488983,0.21,UNKNOWN
1556788488983,0.18,IN_VEHICLE
1556788488983,0.07,ON_FOOT
1556788488983,0.07,WALKING
1556788488983,0.06,ON_BICYCLE
1556788488983,0.05,RUNNING
1556788504064,0.31,UNKNOWN
1556788504064,0.18,STILL
1556788504064,0.14,IN_VEHICLE
1556788504064,0.11,ON_FOOT
1556788504064,0.11,WALKING
1556788504064,0.09,ON_BICYCLE
1556788504064,0.08,RUNNING
1556788519361,0.42,STILL
1556788519361,0.21,IN_VEHICLE
1556788519361,0.19,ON_FOOT
1556788519361,0.19,WALKING
1556788519361,0.03,ON_BICYCLE
1556788519361,0.02,UNKNOWN
1556788534473,0.6,STILL
1556788534473,0.13,IN_VEHICLE
1556788534473,0.12,ON_FOOT
1556788534473,0.12,WALKING
1556788534473,0.03,UNKNOWN
1556788534473,0.02,ON_BICYCLE
1556788540088,0.4,STILL
1556788540088,0.23,ON_FOOT
1556788540088,0.23,WALKING
1556788540088,0.19,IN_VEHICLE
1556788540088,0.02,ON_BICYCLE
1556788540088,0.02,UNKNOWN
1556788555171,0.34,ON_FOOT
1556788555171,0.34,WALKING
1556788555171,0.3,STILL
1556788555171,0.12,UNKNOWN
1556788555171,0.1,IN_VEHICLE
1556788555171,0.04,ON_BICYCLE
1556788555171,0.03,RUNNING
1556788586199,0.3,ON_FOOT
1556788586199,0.3,WALKING
1556788586199,0.23,STILL
1556788586199,0.21,UNKNOWN
1556788586199,0.09,IN_VEHICLE
1556788586199,0.05,ON_BICYCLE
1556788586199,0.05,RUNNING
1556788592668,0.95,ON_FOOT
1556788592668,0.95,WALKING
1556788592668,0.04,STILL
1556788592668,0.01,UNKNOWN
1556788606246,0.46,ON_FOOT
1556788606246,0.46,WALKING
1556788606246,0.21,UNKNOWN
1556788606246,0.1,STILL
1556788606246,0.07,IN_VEHICLE
1556788606246,0.05,ON_BICYCLE
1556788606246,0.05,RUNNING
1556788628520,0.35,ON_FOOT
1556788628520,0.35,WALKING
1556788628520,0.27,UNKNOWN
1556788628520,0.09,STILL
1556788628520,0.07,IN_VEHICLE
1556788628520,0.07,ON_BICYCLE
1556788628520,0.07,RUNNING
1556788633020,0.8,ON_FOOT
1556788633020,0.8,WALKING
1556788633020,0.07,STILL
1556788633020,0.05,IN_VEHICLE
1556788633020,0.04,ON_BICYCLE
1556788633020,0.02,UNKNOWN
1556788637520,0.9,ON_FOOT
1556788637520,0.9,WALKING
1556788637520,0.06,STILL
1556788637520,0.02,UNKNOWN
1556788637520,0.01,IN_VEHICLE
1556788666950,0.31,UNKNOWN
1556788666950,0.15,STILL
1556788666950,0.13,IN_VEHICLE
1556788666950,0.12,ON_FOOT
1556788666950,0.12,WALKING
1556788666950,0.09,ON_BICYCLE
1556788666950,0.08,RUNNING
1556788676153,0.31,ON_FOOT
1556788676153,0.31,WALKING
1556788676153,0.19,STILL
1556788676153,0.17,UNKNOWN
1556788676153,0.15,IN_VEHICLE
1556788676153,0.07,ON_BICYCLE
1556788676153,0.04,RUNNING
1556788682771,0.91,ON_FOOT
1556788682771,0.91,WALKING
1556788682771,0.04,STILL
1556788682771,0.02,IN_VEHICLE
1556788682771,0.01,ON_BICYCLE
1556788682771,0.01,UNKNOWN
1556788686290,0.96,ON_FOOT
1556788686290,0.96,WALKING
1556788686290,0.02,UNKNOWN
1556788686290,0.01,ON_BICYCLE
1556788686290,0.01,RUNNING
1556788701206,1.0,TILTING
1556788716122,0.31,UNKNOWN
1556788716122,0.28,IN_VEHICLE
1556788716122,0.08,ON_BICYCLE
1556788716122,0.08,ON_FOOT
1556788716122,0.08,STILL
1556788716122,0.08,WALKING
1556788716122,0.08,RUNNING
1556788762820,0.4,UNKNOWN
1556788762820,0.1,IN_VEHICLE
1556788762820,0.1,ON_BICYCLE
1556788762820,0.1,ON_FOOT
1556788762820,0.1,STILL
1556788762820,0.1,WALKING
1556788762820,0.1,RUNNING
1556788778027,0.48,IN_VEHICLE
1556788778027,0.21,UNKNOWN
1556788778027,0.06,STILL
1556788778027,0.05,ON_BICYCLE
1556788778027,0.05,ON_FOOT
1556788778027,0.05,WALKING
1556788778027,0.05,RUNNING
1556788793326,0.4,ON_FOOT
1556788793326,0.4,WALKING
1556788793326,0.38,IN_VEHICLE
1556788793326,0.06,STILL
1556788793326,0.05,ON_BICYCLE
1556788793326,0.01,UNKNOWN
1556788793326,0.01,RUNNING
1556788808926,0.98,ON_FOOT
1556788808926,0.98,WALKING
1556788808926,0.01,UNKNOWN
1556788808926,0.01,RUNNING
1556788824023,0.55,ON_FOOT
1556788824023,0.55,WALKING
1556788824023,0.21,UNKNOWN
1556788824023,0.05,IN_VEHICLE
1556788824023,0.05,ON_BICYCLE
1556788824023,0.05,STILL
1556788824023,0.05,RUNNING
1556788831623,1.0,TILTING
1556788839223,0.79,ON_FOOT
1556788839223,0.79,WALKING
1556788839223,0.09,STILL
1556788839223,0.07,IN_VEHICLE
1556788839223,0.02,UNKNOWN
1556788839223,0.01,ON_BICYCLE
1556788846818,1.0,TILTING
1556788854412,0.82,ON_FOOT
1556788854412,0.82,WALKING
1556788854412,0.07,ON_BICYCLE
1556788854412,0.05,STILL
1556788854412,0.02,IN_VEHICLE
1556788854412,0.02,UNKNOWN
1556788869858,0.52,ON_FOOT
1556788869858,0.52,WALKING
1556788869858,0.23,STILL
1556788869858,0.11,UNKNOWN
1556788869858,0.05,ON_BICYCLE
1556788869858,0.04,IN_VEHICLE
1556788869858,0.03,RUNNING
1556788885236,0.4,UNKNOWN
1556788885236,0.1,IN_VEHICLE
1556788885236,0.1,ON_BICYCLE
1556788885236,0.1,ON_FOOT
1556788885236,0.1,STILL
1556788885236,0.1,WALKING
1556788885236,0.1,RUNNING
1556788892874,1.0,TILTING
1556788900511,0.4,UNKNOWN
1556788900511,0.1,IN_VEHICLE
1556788900511,0.1,ON_BICYCLE
1556788900511,0.1,ON_FOOT
1556788900511,0.1,STILL
1556788900511,0.1,WALKING
1556788900511,0.1,RUNNING
1556788908191,1.0,TILTING
1556788915871,0.5,ON_FOOT
1556788915871,0.5,WALKING
1556788915871,0.21,UNKNOWN
1556788915871,0.07,ON_BICYCLE
1556788915871,0.07,STILL
1556788915871,0.06,IN_VEHICLE
1556788915871,0.05,RUNNING
1556788931112,0.44,ON_FOOT
1556788931112,0.44,WALKING
1556788931112,0.17,UNKNOWN
1556788931112,0.16,STILL
1556788931112,0.07,IN_VEHICLE
1556788931112,0.07,ON_BICYCLE
1556788931112,0.05,RUNNING
1556788946416,0.28,STILL
1556788946416,0.23,ON_FOOT
1556788946416,0.23,WALKING
1556788946416,0.22,UNKNOWN
1556788946416,0.08,IN_VEHICLE
1556788946416,0.08,ON_BICYCLE
1556788946416,0.06,RUNNING
1556788961591,0.4,UNKNOWN
1556788961591,0.1,IN_VEHICLE
1556788961591,0.1,ON_BICYCLE
1556788961591,0.1,ON_FOOT
1556788961591,0.1,STILL
1556788961591,0.1,WALKING
1556788961591,0.1,RUNNING
1556788986787,0.7,STILL
1556788986787,0.24,ON_FOOT
1556788986787,0.24,WALKING
1556788986787,0.03,IN_VEHICLE
1556788986787,0.01,ON_BICYCLE
1556788986787,0.01,UNKNOWN
1556789002346,0.32,STILL
1556789002346,0.27,ON_FOOT
1556789002346,0.27,WALKING
1556789002346,0.21,UNKNOWN
1556789002346,0.06,ON_BICYCLE
1556789002346,0.05,IN_VEHICLE
1556789002346,0.05,RUNNING
1556789017546,0.5,ON_FOOT
1556789017546,0.5,WALKING
1556789017546,0.21,UNKNOWN
1556789017546,0.07,STILL
1556789017546,0.06,IN_VEHICLE
1556789017546,0.06,ON_BICYCLE
1556789017546,0.05,RUNNING
1556789032896,0.74,ON_FOOT
1556789032896,0.74,WALKING
1556789032896,0.16,STILL
1556789032896,0.05,ON_BICYCLE
1556789032896,0.03,UNKNOWN
1556789032896,0.02,IN_VEHICLE
1556789032896,0.01,RUNNING
1556789048240,0.32,ON_FOOT
1556789048240,0.32,WALKING
1556789048240,0.3,UNKNOWN
1556789048240,0.08,IN_VEHICLE
1556789048240,0.08,ON_BICYCLE
1556789048240,0.08,STILL
1556789048240,0.08,RUNNING
1556789063289,0.35,ON_FOOT
1556789063289,0.35,WALKING
1556789063289,0.21,UNKNOWN
1556789063289,0.18,STILL
1556789063289,0.08,ON_BICYCLE
1556789063289,0.07,IN_VEHICLE
1556789063289,0.05,RUNNING
1556789078556,0.31,UNKNOWN
1556789078556,0.2,STILL
1556789078556,0.17,ON_FOOT
1556789078556,0.17,WALKING
1556789078556,0.09,IN_VEHICLE
1556789078556,0.09,ON_BICYCLE
1556789078556,0.08,RUNNING
1556789093750,0.3,UNKNOWN
1556789093750,0.27,ON_FOOT
1556789093750,0.27,WALKING
1556789093750,0.1,STILL
1556789093750,0.09,ON_BICYCLE
1556789093750,0.08,IN_VEHICLE
1556789093750,0.08,RUNNING
1556789109426,0.31,ON_FOOT
1556789109426,0.31,WALKING
1556789109426,0.21,UNKNOWN
1556789109426,0.18,ON_BICYCLE
1556789109426,0.12,STILL
1556789109426,0.06,IN_VEHICLE
1556789109426,0.06,RUNNING
1556789124649,0.97,ON_FOOT
1556789124649,0.97,WALKING
1556789124649,0.01,IN_VEHICLE
1556789124649,0.01,STILL
1556789124649,0.01,UNKNOWN
1556789139999,0.86,ON_FOOT
1556789139999,0.86,WALKING
1556789139999,0.06,STILL
1556789139999,0.03,ON_BICYCLE
1556789139999,0.03,UNKNOWN
1556789139999,0.01,IN_VEHICLE
1556789155095,0.54,ON_FOOT
1556789155095,0.54,WALKING
1556789155095,0.21,UNKNOWN
1556789155095,0.05,IN_VEHICLE
1556789155095,0.05,ON_BICYCLE
1556789155095,0.05,STILL
1556789155095,0.05,RUNNING
1556789162670,1.0,TILTING
1556789170245,0.31,UNKNOWN
1556789170245,0.3,ON_FOOT
1556789170245,0.3,WALKING
1556789170245,0.09,ON_BICYCLE
1556789170245,0.08,IN_VEHICLE
1556789170245,0.08,STILL
1556789170245,0.08,RUNNING
1556789179987,1.0,TILTING
1556789189728,0.31,ON_FOOT
1556789189728,0.31,WALKING
1556789189728,0.29,IN_VEHICLE
1556789189728,0.15,STILL
1556789189728,0.11,UNKNOWN
1556789189728,0.07,ON_BICYCLE
1556789189728,0.04,RUNNING
1556789197304,1.0,TILTING
1556789204879,0.3,UNKNOWN
1556789204879,0.29,IN_VEHICLE
1556789204879,0.08,ON_BICYCLE
1556789204879,0.08,ON_FOOT
1556789204879,0.08,STILL
1556789204879,0.08,WALKING
1556789204879,0.08,RUNNING
1556789212465,1.0,TILTING
1556789220050,0.52,ON_FOOT
1556789220050,0.52,WALKING
1556789220050,0.21,UNKNOWN
1556789220050,0.07,STILL
1556789220050,0.05,IN_VEHICLE
1556789220050,0.05,ON_BICYCLE
1556789220050,0.05,RUNNING
1556789225099,1.0,TILTING
1556789230147,0.5,ON_FOOT
1556789230147,0.5,WALKING
1556789230147,0.21,UNKNOWN
1556789230147,0.09,STILL
1556789230147,0.06,IN_VEHICLE
1556789230147,0.06,ON_BICYCLE
1556789230147,0.06,RUNNING
1556789245947,1.0,TILTING
1556789261747,0.65,ON_FOOT
1556789261747,0.65,WALKING
1556789261747,0.15,STILL
1556789261747,0.06,IN_VEHICLE
1556789261747,0.06,ON_BICYCLE
1556789261747,0.03,UNKNOWN
1556789261747,0.01,RUNNING
1556789273626,0.81,ON_FOOT
1556789273626,0.81,WALKING
1556789273626,0.11,STILL
1556789273626,0.05,IN_VEHICLE
1556789273626,0.02,UNKNOWN
1556789281288,1.0,TILTING
1556789288949,0.4,UNKNOWN
1556789288949,0.1,IN_VEHICLE
1556789288949,0.1,ON_BICYCLE
1556789288949,0.1,ON_FOOT
1556789288949,0.1,STILL
1556789288949,0.1,WALKING
1556789288949,0.1,RUNNING
1556789304093,0.31,ON_FOOT
1556789304093,0.31,WALKING
1556789304093,0.3,UNKNOWN
1556789304093,0.08,IN_VEHICLE
1556789304093,0.08,ON_BICYCLE
1556789304093,0.08,STILL
1556789304093,0.08,RUNNING
1556789311650,1.0,TILTING
1556789319207,0.95,ON_FOOT
1556789319207,0.95,WALKING
1556789319207,0.02,STILL
1556789319207,0.02,UNKNOWN
1556789319207,0.01,ON_BICYCLE
1556789334360,0.49,ON_FOOT
1556789334360,0.49,WALKING
1556789334360,0.22,UNKNOWN
1556789334360,0.08,STILL
1556789334360,0.06,IN_VEHICLE
1556789334360,0.06,ON_BICYCLE
1556789334360,0.05,RUNNING
1556789349475,0.31,UNKNOWN
1556789349475,0.29,ON_FOOT
1556789349475,0.29,WALKING
1556789349475,0.1,STILL
1556789349475,0.08,IN_VEHICLE
1556789349475,0.08,ON_BICYCLE
1556789349475,0.08,RUNNING
1556789368060,0.95,ON_FOOT
1556789368060,0.95,WALKING
1556789368060,0.02,UNKNOWN
1556789368060,0.01,ON_BICYCLE
1556789368060,0.01,STILL
1556789368060,0.0,RUNNING
1556789383155,0.81,ON_FOOT
1556789383155,0.81,WALKING
1556789383155,0.14,STILL
1556789383155,0.02,UNKNOWN
1556789383155,0.01,IN_VEHICLE
1556789383155,0.01,ON_BICYCLE
1556789400080,0.95,ON_FOOT
1556789400080,0.95,WALKING
1556789400080,0.02,STILL
1556789400080,0.02,UNKNOWN
1556789400080,0.01,ON_BICYCLE
1556789407633,1.0,TILTING
1556789415185,0.49,ON_FOOT
1556789415185,0.49,WALKING
1556789415185,0.21,UNKNOWN
1556789415185,0.08,STILL
1556789415185,0.06,IN_VEHICLE
1556789415185,0.06,ON_BICYCLE
1556789415185,0.06,RUNNING
1556789440824,0.38,ON_FOOT
1556789440824,0.38,WALKING
1556789440824,0.24,STILL
1556789440824,0.2,ON_BICYCLE
1556789440824,0.09,IN_VEHICLE
1556789440824,0.02,UNKNOWN
1556789440824,0.0,RUNNING
1556789445843,0.77,ON_FOOT
1556789445843,0.77,WALKING
1556789445843,0.12,STILL
1556789445843,0.06,IN_VEHICLE
1556789445843,0.02,UNKNOWN
1556789445843,0.01,ON_BICYCLE
1556789449280,0.38,STILL
1556789449280,0.21,UNKNOWN
1556789449280,0.11,IN_VEHICLE
1556789449280,0.11,ON_FOOT
1556789449280,0.11,WALKING
1556789449280,0.07,ON_BICYCLE
1556789449280,0.05,RUNNING
1556789453812,0.88,STILL
1556789453812,0.08,ON_FOOT
1556789453812,0.08,WALKING
1556789453812,0.02,IN_VEHICLE
1556789453812,0.01,ON_BICYCLE
1556789453812,0.01,UNKNOWN
1556789468974,1.0,STILL
1556789484115,1.0,STILL
1556789499242,1.0,STILL
1556789529402,0.35,STILL
1556789529402,0.28,ON_FOOT
1556789529402,0.28,WALKING
1556789529402,0.19,IN_VEHICLE
1556789529402,0.03,ON_BICYCLE
1556789529402,0.03,UNKNOWN
1556789532973,0.39,STILL
1556789532973,0.25,ON_FOOT
1556789532973,0.25,WALKING
1556789532973,0.17,IN_VEHICLE
1556789532973,0.06,ON_BICYCLE
1556789532973,0.02,UNKNOWN
1556789532973,0.01,RUNNING
1556789538050,0.28,UNKNOWN
1556789538050,0.16,STILL
1556789538050,0.15,ON_FOOT
1556789538050,0.15,WALKING
1556789538050,0.14,IN_VEHICLE
1556789538050,0.09,ON_BICYCLE
1556789538050,0.07,RUNNING
1556789568435,0.3,UNKNOWN
1556789568435,0.16,STILL
1556789568435,0.14,IN_VEHICLE
1556789568435,0.12,ON_FOOT
1556789568435,0.12,WALKING
1556789568435,0.1,ON_BICYCLE
1556789568435,0.08,RUNNING
1556789576114,1.0,TILTING
1556789583792,0.61,STILL
1556789583792,0.11,UNKNOWN
1556789583792,0.1,IN_VEHICLE
1556789583792,0.07,ON_FOOT
1556789583792,0.07,WALKING
1556789583792,0.04,ON_BICYCLE
1556789583792,0.03,RUNNING
1556789599001,1.0,STILL
1556789614127,1.0,STILL
1556789629258,1.0,STILL
1556789644403,1.0,STILL
1556789659591,1.0,STILL
1556789674726,1.0,STILL
1556789689865,1.0,STILL
1556789713363,0.4,UNKNOWN
1556789713363,0.1,IN_VEHICLE
1556789713363,0.1,ON_BICYCLE
1556789713363,0.1,ON_FOOT
1556789713363,0.1,STILL
1556789713363,0.1,WALKING
1556789713363,0.1,RUNNING
1556789728659,0.31,UNKNOWN
1556789728659,0.15,IN_VEHICLE
1556789728659,0.15,STILL
1556789728659,0.11,ON_FOOT
1556789728659,0.11,WALKING
1556789728659,0.09,ON_BICYCLE
1556789728659,0.08,RUNNING
1556789743738,0.21,STILL
1556789743738,0.21,UNKNOWN
1556789743738,0.18,IN_VEHICLE
1556789743738,0.15,ON_FOOT
1556789743738,0.15,WALKING
1556789743738,0.06,ON_BICYCLE
1556789743738,0.05,RUNNING
1556789751283,1.0,TILTING
1556789758827,0.23,STILL
1556789758827,0.21,UNKNOWN
1556789758827,0.19,ON_FOOT
1556789758827,0.19,WALKING
1556789758827,0.15,IN_VEHICLE
1556789758827,0.06,ON_BICYCLE
1556789758827,0.05,RUNNING
1556789766395,1.0,TILTING
1556789773962,0.32,STILL
1556789773962,0.21,UNKNOWN
1556789773962,0.18,IN_VEHICLE
1556789773962,0.07,ON_FOOT
1556789773962,0.07,WALKING
1556789773962,0.06,ON_BICYCLE
1556789773962,0.05,RUNNING
1556789789102,0.31,STILL
1556789789102,0.27,ON_FOOT
1556789789102,0.27,WALKING
1556789789102,0.22,IN_VEHICLE
1556789789102,0.02,ON_BICYCLE
1556789789102,0.01,UNKNOWN
1556789804206,0.27,UNKNOWN
1556789804206,0.2,STILL
1556789804206,0.14,IN_VEHICLE
1556789804206,0.13,ON_FOOT
1556789804206,0.13,WALKING
1556789804206,0.07,ON_BICYCLE
1556789804206,0.07,RUNNING
1556789819337,0.43,STILL
1556789819337,0.17,IN_VEHICLE
1556789819337,0.12,UNKNOWN
1556789819337,0.09,ON_FOOT
1556789819337,0.09,WALKING
1556789819337,0.05,ON_BICYCLE
1556789819337,0.03,RUNNING
1556789828733,0.31,UNKNOWN
1556789828733,0.17,STILL
1556789828733,0.15,IN_VEHICLE
1556789828733,0.08,ON_BICYCLE
1556789828733,0.08,ON_FOOT
1556789828733,0.08,WALKING
1556789828733,0.08,RUNNING
1556789856039,0.4,STILL
1556789856039,0.18,IN_VEHICLE
1556789856039,0.17,UNKNOWN
1556789856039,0.05,ON_FOOT
1556789856039,0.05,WALKING
1556789856039,0.04,ON_BICYCLE
1556789856039,0.04,RUNNING
1556789877435,0.27,UNKNOWN
1556789877435,0.18,STILL
1556789877435,0.15,ON_FOOT
1556789877435,0.15,WALKING
1556789877435,0.14,IN_VEHICLE
1556789877435,0.07,ON_BICYCLE
1556789877435,0.07,RUNNING
1556789905145,0.4,UNKNOWN
1556789905145,0.1,IN_VEHICLE
1556789905145,0.1,ON_BICYCLE
1556789905145,0.1,ON_FOOT
1556789905145,0.1,STILL
1556789905145,0.1,WALKING
1556789905145,0.1,RUNNING
1556789912580,0.31,UNKNOWN
1556789912580,0.15,STILL
1556789912580,0.14,IN_VEHICLE
1556789912580,0.11,ON_FOOT
1556789912580,0.11,WALKING
1556789912580,0.09,ON_BICYCLE
1556789912580,0.08,RUNNING
1556789924305,0.28,STILL
1556789924305,0.24,IN_VEHICLE
1556789924305,0.12,UNKNOWN
1556789924305,0.1,ON_FOOT
1556789924305,0.1,WALKING
1556789924305,0.06,ON_BICYCLE
1556789924305,0.03,RUNNING
1556789941059,0.77,STILL
1556789941059,0.09,IN_VEHICLE
1556789941059,0.05,ON_FOOT
1556789941059,0.05,WALKING
1556789941059,0.02,UNKNOWN
1556789941059,0.01,ON_BICYCLE
1556789973250,0.4,UNKNOWN
1556789973250,0.1,IN_VEHICLE
1556789973250,0.1,ON_BICYCLE
1556789973250,0.1,ON_FOOT
1556789973250,0.1,STILL
1556789973250,0.1,WALKING
1556789973250,0.1,RUNNING
1556790003820,0.23,STILL
1556790003820,0.21,UNKNOWN
1556790003820,0.16,IN_VEHICLE
1556790003820,0.16,ON_FOOT
1556790003820,0.16,WALKING
1556790003820,0.06,ON_BICYCLE
1556790003820,0.05,RUNNING
1556790011568,0.28,UNKNOWN
1556790011568,0.18,STILL
1556790011568,0.15,IN_VEHICLE
1556790011568,0.14,ON_FOOT
1556790011568,0.14,WALKING
1556790011568,0.07,ON_BICYCLE
1556790011568,0.07,RUNNING
1556790034860,0.31,UNKNOWN
1556790034860,0.19,STILL
1556790034860,0.14,IN_VEHICLE
1556790034860,0.09,ON_FOOT
1556790034860,0.09,WALKING
1556790034860,0.08,ON_BICYCLE
1556790034860,0.08,RUNNING
1556790050198,0.43,STILL
1556790050198,0.21,UNKNOWN
1556790050198,0.11,IN_VEHICLE
1556790050198,0.07,ON_FOOT
1556790050198,0.07,WALKING
1556790050198,0.05,ON_BICYCLE
1556790050198,0.05,RUNNING
1556790065310,0.85,STILL
1556790065310,0.07,ON_BICYCLE
1556790065310,0.03,IN_VEHICLE
1556790065310,0.03,ON_FOOT
1556790065310,0.03,WALKING
1556790065310,0.01,UNKNOWN
1556790080372,1.0,STILL
1556790095464,0.4,STILL
1556790095464,0.27,UNKNOWN
1556790095464,0.07,IN_VEHICLE
1556790095464,0.07,ON_BICYCLE
1556790095464,0.07,ON_FOOT
1556790095464,0.07,WALKING
1556790095464,0.07,RUNNING
1556790110546,0.42,STILL
1556790110546,0.25,IN_VEHICLE
1556790110546,0.06,ON_FOOT
1556790110546,0.06,WALKING
1556790110546,0.03,UNKNOWN
1556790110546,0.02,ON_BICYCLE
1556790125668,0.28,STILL
1556790125668,0.21,UNKNOWN
1556790125668,0.19,IN_VEHICLE
1556790125668,0.11,ON_FOOT
1556790125668,0.11,WALKING
1556790125668,0.06,ON_BICYCLE
1556790125668,0.05,RUNNING
1556790140793,0.5,STILL
1556790140793,0.22,UNKNOWN
1556790140793,0.07,IN_VEHICLE
1556790140793,0.07,ON_FOOT
1556790140793,0.07,WALKING
1556790140793,0.05,ON_BICYCLE
1556790140793,0.05,RUNNING
1556790146170,0.35,STILL
1556790146170,0.28,IN_VEHICLE
1556790146170,0.16,ON_FOOT
1556790146170,0.16,WALKING
1556790146170,0.03,ON_BICYCLE
1556790146170,0.02,UNKNOWN
1556790161229,0.52,STILL
1556790161229,0.19,IN_VEHICLE
1556790161229,0.12,ON_FOOT
1556790161229,0.12,WALKING
1556790161229,0.02,ON_BICYCLE
1556790161229,0.02,UNKNOWN
1556790176321,0.39,STILL
1556790176321,0.21,ON_FOOT
1556790176321,0.21,WALKING
1556790176321,0.2,IN_VEHICLE
1556790176321,0.02,ON_BICYCLE
1556790176321,0.02,UNKNOWN
1556790191540,0.31,STILL
1556790191540,0.21,UNKNOWN
1556790191540,0.18,IN_VEHICLE
1556790191540,0.09,ON_FOOT
1556790191540,0.09,WALKING
1556790191540,0.06,ON_BICYCLE
1556790191540,0.05,RUNNING
1556790206621,0.24,STILL
1556790206621,0.21,UNKNOWN
1556790206621,0.19,ON_FOOT
1556790206621,0.19,WALKING
1556790206621,0.16,IN_VEHICLE
1556790206621,0.06,ON_BICYCLE
1556790206621,0.05,RUNNING
1556790221724,0.58,STILL
1556790221724,0.25,IN_VEHICLE
1556790221724,0.07,ON_FOOT
1556790221724,0.07,WALKING
1556790221724,0.02,UNKNOWN
1556790221724,0.01,ON_BICYCLE
1556790236842,0.79,STILL
1556790236842,0.1,IN_VEHICLE
1556790236842,0.05,ON_BICYCLE
1556790236842,0.01,ON_FOOT
1556790236842,0.01,UNKNOWN
1556790236842,0.01,WALKING
1556790251952,0.38,STILL
1556790251952,0.24,IN_VEHICLE
1556790251952,0.15,ON_FOOT
1556790251952,0.15,WALKING
1556790251952,0.02,ON_BICYCLE
1556790251952,0.02,UNKNOWN
1556790267031,0.57,STILL
1556790267031,0.15,IN_VEHICLE
1556790267031,0.11,ON_FOOT
1556790267031,0.11,WALKING
1556790267031,0.02,ON_BICYCLE
1556790267031,0.02,UNKNOWN
1556790282127,1.0,STILL
1556790297249,1.0,STILL
1556790312396,1.0,STILL
1556790327697,1.0,STILL
1556790351067,1.0,STILL
1556790366202,1.0,STILL
1556790381357,1.0,STILL
1556790396506,1.0,STILL
1556790411633,1.0,STILL
1556790426755,1.0,STILL
1556790441867,1.0,STILL
1556790456984,1.0,STILL
1556790472101,1.0,STILL
1556790492561,1.0,STILL
1556790507713,1.0,STILL
1556790522842,1.0,STILL
1556790537970,1.0,STILL
1556790553089,1.0,STILL
1556790582826,1.0,STILL
1556790614535,1.0,STILL
1556790614589,1.0,STILL
1556790657079,0.97,ON_FOOT
1556790657079,0.97,WALKING
1556790657079,0.01,ON_BICYCLE
1556790657079,0.01,STILL
1556790657079,0.01,UNKNOWN
1556790657079,0.0,IN_VEHICLE
1556790674230,0.99,ON_FOOT
1556790674230,0.99,WALKING
1556790674230,0.01,UNKNOWN
1556790686112,0.75,ON_FOOT
1556790686112,0.75,WALKING
1556790686112,0.15,STILL
1556790686112,0.03,IN_VEHICLE
1556790686112,0.02,ON_BICYCLE
1556790686112,0.02,UNKNOWN
1556790686112,0.0,RUNNING
1556790701201,0.81,ON_FOOT
1556790701201,0.81,WALKING
1556790701201,0.08,STILL
1556790701201,0.04,IN_VEHICLE
1556790701201,0.03,UNKNOWN
1556790701201,0.01,ON_BICYCLE
1556790708759,1.0,TILTING
1556790716317,0.3,IN_VEHICLE
1556790716317,0.25,STILL
1556790716317,0.21,UNKNOWN
1556790716317,0.08,ON_BICYCLE
1556790716317,0.06,ON_FOOT
1556790716317,0.06,WALKING
1556790716317,0.05,RUNNING
1556790731865,0.75,ON_BICYCLE
1556790731865,0.2,IN_VEHICLE
1556790731865,0.02,UNKNOWN
1556790731865,0.01,ON_FOOT
1556790731865,0.01,STILL
1556790731865,0.01,WALKING
1556790752257,0.33,ON_BICYCLE
1556790752257,0.26,IN_VEHICLE
1556790752257,0.21,UNKNOWN
1556790752257,0.06,STILL
1556790752257,0.05,ON_FOOT
1556790752257,0.05,WALKING
1556790752257,0.05,RUNNING
1556790772676,0.51,IN_VEHICLE
1556790772676,0.4,ON_BICYCLE
1556790772676,0.05,STILL
1556790772676,0.02,ON_FOOT
1556790772676,0.02,WALKING
1556790772676,0.01,UNKNOWN
1556790780223,1.0,TILTING
1556790787770,0.48,ON_FOOT
1556790787770,0.48,WALKING
1556790787770,0.24,ON_BICYCLE
1556790787770,0.12,UNKNOWN
1556790787770,0.08,STILL
1556790787770,0.04,IN_VEHICLE
1556790787770,0.03,RUNNING
1556790795479,1.0,TILTING
1556790803188,0.38,ON_FOOT
1556790803188,0.38,WALKING
1556790803188,0.27,UNKNOWN
1556790803188,0.08,STILL
1556790803188,0.07,IN_VEHICLE
1556790803188,0.07,ON_BICYCLE
1556790803188,0.07,RUNNING
1556790819782,0.38,STILL
1556790819782,0.21,UNKNOWN
1556790819782,0.11,ON_FOOT
1556790819782,0.11,WALKING
1556790819782,0.1,IN_VEHICLE
1556790819782,0.07,ON_BICYCLE
1556790819782,0.05,RUNNING
1556790834941,0.44,STILL
1556790834941,0.22,IN_VEHICLE
1556790834941,0.17,ON_FOOT
1556790834941,0.17,WALKING
1556790834941,0.08,ON_BICYCLE
1556790834941,0.01,UNKNOWN
1556790834941,0.01,RUNNING
1556790850140,0.27,UNKNOWN
1556790850140,0.21,STILL
1556790850140,0.15,IN_VEHICLE
1556790850140,0.1,ON_BICYCLE
1556790850140,0.1,ON_FOOT
1556790850140,0.1,WALKING
1556790850140,0.07,RUNNING
1556790865236,0.61,STILL
1556790865236,0.18,ON_FOOT
1556790865236,0.18,WALKING
1556790865236,0.1,IN_VEHICLE
1556790865236,0.04,ON_BICYCLE
1556790865236,0.03,UNKNOWN
1556790865236,0.01,RUNNING
1556790876187,1.0,TILTING
1556790887137,0.93,ON_FOOT
1556790887137,0.93,WALKING
1556790887137,0.02,ON_BICYCLE
1556790887137,0.02,STILL
1556790887137,0.02,UNKNOWN
1556790887137,0.01,RUNNING
1556790887137,0.0,IN_VEHICLE
1556790894771,1.0,TILTING
1556790902405,0.5,ON_FOOT
1556790902405,0.5,WALKING
1556790902405,0.21,UNKNOWN
1556790902405,0.08,RUNNING
1556790902405,0.06,ON_BICYCLE
1556790902405,0.06,STILL
1556790902405,0.05,IN_VEHICLE
1556790910021,1.0,TILTING
1556790917637,0.92,ON_FOOT
1556790917637,0.92,WALKING
1556790917637,0.03,RUNNING
1556790917637,0.02,ON_BICYCLE
1556790917637,0.02,UNKNOWN
1556790917637,0.01,STILL
1556790923615,0.99,ON_FOOT
1556790923615,0.99,WALKING
1556790923615,0.01,UNKNOWN
1556790928136,0.97,ON_FOOT
1556790928136,0.97,WALKING
1556790928136,0.02,UNKNOWN
1556790928136,0.01,STILL
1556790932605,0.84,ON_FOOT
1556790932605,0.84,WALKING
1556790932605,0.09,STILL
1556790932605,0.03,IN_VEHICLE
1556790932605,0.01,ON_BICYCLE
1556790932605,0.01,UNKNOWN
1556790936104,0.81,ON_FOOT
1556790936104,0.81,WALKING
1556790936104,0.1,STILL
1556790936104,0.04,IN_VEHICLE
1556790936104,0.03,UNKNOWN
1556790940592,0.89,ON_FOOT
1556790940592,0.89,WALKING
1556790940592,0.07,STILL
1556790940592,0.02,UNKNOWN
1556790940592,0.01,IN_VEHICLE
1556790971120,0.36,STILL
1556790971120,0.24,ON_FOOT
1556790971120,0.24,WALKING
1556790971120,0.17,UNKNOWN
1556790971120,0.09,IN_VEHICLE
1556790971120,0.04,ON_BICYCLE
1556790971120,0.04,RUNNING
1556790979337,0.47,ON_FOOT
1556790979337,0.47,WALKING
1556790979337,0.23,STILL
1556790979337,0.1,UNKNOWN
1556790979337,0.07,IN_VEHICLE
1556790979337,0.04,ON_BICYCLE
1556790979337,0.02,RUNNING
1556790983889,0.93,ON_FOOT
1556790983889,0.93,WALKING
1556790983889,0.02,STILL
1556790983889,0.02,UNKNOWN
1556790983889,0.01,IN_VEHICLE
1556790983889,0.01,ON_BICYCLE
1556790990414,0.97,ON_FOOT
1556790990414,0.97,WALKING
1556790990414,0.02,UNKNOWN
1556790990414,0.01,STILL
1556790998780,0.54,ON_FOOT
1556790998780,0.54,WALKING
1556790998780,0.22,UNKNOWN
1556790998780,0.05,IN_VEHICLE
1556790998780,0.05,ON_BICYCLE
1556790998780,0.05,STILL
1556790998780,0.05,RUNNING
1556791004056,0.61,ON_FOOT
1556791004056,0.61,WALKING
1556791004056,0.19,STILL
1556791004056,0.1,UNKNOWN
1556791004056,0.03,IN_VEHICLE
1556791004056,0.03,ON_BICYCLE
1556791004056,0.02,RUNNING
1556791017553,1.0,STILL
1556791030192,1.0,STILL
1556791045329,1.0,STILL
1556791060431,1.0,STILL
1556791075563,1.0,STILL
1556791090725,1.0,STILL
1556791105872,1.0,STILL
1556791121133,1.0,STILL
1556791136250,1.0,STILL
1556791151333,1.0,STILL
1556791166458,1.0,STILL
1556791181629,1.0,STILL
1556791196730,1.0,STILL
1556791211874,1.0,STILL
1556791226986,1.0,STILL
1556791242133,1.0,STILL
1556791257684,1.0,STILL
1556791273352,1.0,STILL
1556791288493,1.0,STILL
1556791303633,1.0,STILL
1556791318771,1.0,STILL
1556791333948,1.0,STILL
1556791347661,1.0,STILL
1556791362804,1.0,STILL
1556791377910,1.0,STILL
1556791394167,1.0,STILL
1556791409288,1.0,STILL
1556791424418,1.0,STILL
1556791439532,1.0,STILL
1556791454729,1.0,STILL
1556791469837,1.0,STILL
1556791485183,1.0,STILL
1556791500340,1.0,STILL
1556792317201,1.0,STILL
1556792417312,0.28,STILL
1556792417312,0.21,ON_BICYCLE
1556792417312,0.21,UNKNOWN
1556792417312,0.13,ON_FOOT
1556792417312,0.13,WALKING
1556792417312,0.07,IN_VEHICLE
1556792417312,0.05,RUNNING
1556792433104,1.0,STILL
1556792445675,1.0,STILL
1556792523781,1.0,TILTING
1556792614457,0.61,ON_FOOT
1556792614457,0.61,WALKING
1556792614457,0.14,STILL
1556792614457,0.11,UNKNOWN
1556792614457,0.05,ON_BICYCLE
1556792614457,0.03,IN_VEHICLE
1556792614457,0.03,RUNNING
1556792630875,1.0,TILTING
1556792647293,1.0,STILL
1556792662485,1.0,STILL
1556792677627,1.0,STILL
1556792692763,1.0,STILL
1556792707893,1.0,STILL
1556792723086,1.0,STILL
1556792738212,1.0,STILL
1556792753831,1.0,STILL
1556792761395,1.0,TILTING
1556792768959,0.6,STILL
1556792768959,0.16,IN_VEHICLE
1556792768959,0.13,ON_FOOT
1556792768959,0.13,WALKING
1556792768959,0.02,UNKNOWN
1556792768959,0.01,ON_BICYCLE
1556792784182,0.43,STILL
1556792784182,0.28,IN_VEHICLE
1556792784182,0.17,ON_FOOT
1556792784182,0.17,WALKING
1556792784182,0.03,ON_BICYCLE
1556792784182,0.02,UNKNOWN
1556792799280,1.0,STILL
1556792814434,1.0,STILL
1556792829578,1.0,STILL
1556792837142,1.0,TILTING
1556792844705,0.39,STILL
1556792844705,0.21,UNKNOWN
1556792844705,0.12,IN_VEHICLE
1556792844705,0.11,ON_FOOT
1556792844705,0.11,WALKING
1556792844705,0.07,ON_BICYCLE
1556792844705,0.05,RUNNING
1556792855284,1.0,TILTING
1556792865862,0.97,ON_FOOT
1556792865862,0.97,WALKING
1556792865862,0.02,RUNNING
1556792865862,0.01,UNKNOWN
1556792874253,1.0,TILTING
1556792882644,0.93,ON_FOOT
1556792882644,0.93,WALKING
1556792882644,0.04,ON_BICYCLE
1556792882644,0.02,UNKNOWN
1556792882644,0.01,RUNNING
1556792898051,0.81,ON_FOOT
1556792898051,0.81,WALKING
1556792898051,0.16,ON_BICYCLE
1556792898051,0.03,RUNNING
1556792909164,0.54,ON_FOOT
1556792909164,0.54,WALKING
1556792909164,0.21,UNKNOWN
1556792909164,0.06,ON_BICYCLE
1556792909164,0.05,IN_VEHICLE
1556792909164,0.05,STILL
1556792909164,0.05,RUNNING
1556792924818,0.25,ON_FOOT
1556792924818,0.22,ON_BICYCLE
1556792924818,0.22,WALKING
1556792924818,0.21,UNKNOWN
1556792924818,0.19,RUNNING
1556792924818,0.06,IN_VEHICLE
1556792924818,0.06,STILL
1556792940064,0.56,ON_BICYCLE
1556792940064,0.39,ON_FOOT
1556792940064,0.39,WALKING
1556792940064,0.03,RUNNING
1556792940064,0.02,UNKNOWN
1556792947592,1.0,TILTING
1556792955119,0.72,ON_FOOT
1556792955119,0.72,WALKING
1556792955119,0.11,UNKNOWN
1556792955119,0.05,RUNNING
1556792955119,0.04,ON_BICYCLE
1556792955119,0.03,IN_VEHICLE
1556792955119,0.03,STILL
1556792962689,1.0,TILTING
1556792970258,0.47,ON_FOOT
1556792970258,0.47,WALKING
1556792970258,0.29,STILL
1556792970258,0.11,UNKNOWN
1556792970258,0.04,IN_VEHICLE
1556792970258,0.04,ON_BICYCLE
1556792970258,0.03,RUNNING
1556792985497,0.32,STILL
1556792985497,0.23,IN_VEHICLE
1556792985497,0.21,UNKNOWN
1556792985497,0.08,ON_FOOT
1556792985497,0.08,WALKING
1556792985497,0.05,ON_BICYCLE
1556792985497,0.05,RUNNING
1556793000632,1.0,IN_VEHICLE
1556793000632,0.02,STILL
1556793015744,1.0,IN_VEHICLE
1556793030882,1.0,IN_VEHICLE
1556793046017,1.0,IN_VEHICLE
1556793061134,1.0,IN_VEHICLE
1556793061134,0.15,STILL
1556793068665,1.0,TILTING
1556793076195,0.43,IN_VEHICLE
1556793076195,0.21,UNKNOWN
1556793076195,0.14,STILL
1556793076195,0.06,ON_BICYCLE
1556793076195,0.06,ON_FOOT
1556793076195,0.06,WALKING
1556793076195,0.05,RUNNING
1556793084676,1.0,TILTING
1556793093156,0.52,ON_FOOT
1556793093156,0.52,WALKING
1556793093156,0.23,IN_VEHICLE
1556793093156,0.11,UNKNOWN
1556793093156,0.07,STILL
1556793093156,0.03,ON_BICYCLE
1556793093156,0.03,RUNNING
1556793100718,1.0,TILTING
1556793108280,0.99,ON_FOOT
1556793108280,0.99,WALKING
1556793108280,0.01,UNKNOWN
1556793112860,0.98,ON_FOOT
1556793112860,0.98,WALKING
1556793112860,0.01,ON_BICYCLE
1556793112860,0.01,UNKNOWN
1556793128479,0.91,ON_FOOT
1556793128479,0.91,WALKING
1556793128479,0.02,ON_BICYCLE
1556793128479,0.02,STILL
1556793128479,0.02,UNKNOWN
1556793128479,0.02,RUNNING
1556793128479,0.01,IN_VEHICLE
1556793130733,1.0,TILTING
1556793132987,0.97,ON_FOOT
1556793132987,0.97,WALKING
1556793132987,0.02,RUNNING
1556793132987,0.01,UNKNOWN
1556793137516,0.92,ON_FOOT
1556793137516,0.92,WALKING
1556793137516,0.03,ON_BICYCLE
1556793137516,0.02,STILL
1556793137516,0.02,UNKNOWN
1556793137516,0.01,RUNNING
1556793145480,1.0,TILTING
1556793153444,0.87,ON_FOOT
1556793153444,0.87,WALKING
1556793153444,0.03,ON_BICYCLE
1556793153444,0.03,UNKNOWN
1556793153444,0.03,RUNNING
1556793153444,0.02,STILL
1556793153444,0.01,IN_VEHICLE
1556793161317,1.0,TILTING
1556793169190,0.49,ON_FOOT
1556793169190,0.49,WALKING
1556793169190,0.22,UNKNOWN
1556793169190,0.08,STILL
1556793169190,0.07,ON_BICYCLE
1556793169190,0.06,RUNNING
1556793169190,0.05,IN_VEHICLE
1556793184328,0.29,ON_FOOT
1556793184328,0.29,WALKING
1556793184328,0.24,STILL
1556793184328,0.21,UNKNOWN
1556793184328,0.08,IN_VEHICLE
1556793184328,0.08,ON_BICYCLE
1556793184328,0.05,RUNNING
1556793201211,1.0,IN_VEHICLE
1556793201211,0.12,STILL
1556793216301,0.37,IN_VEHICLE
1556793216301,0.27,UNKNOWN
1556793216301,0.09,STILL
1556793216301,0.07,ON_BICYCLE
1556793216301,0.07,ON_FOOT
1556793216301,0.07,WALKING
1556793216301,0.07,RUNNING
1556793246417,0.84,IN_VEHICLE
1556793246417,0.12,STILL
1556793246417,0.01,UNKNOWN
1556793278023,1.0,IN_VEHICLE
1556793278023,0.26,STILL
1556793291963,0.61,IN_VEHICLE
1556793291963,0.17,UNKNOWN
1556793291963,0.1,STILL
1556793291963,0.04,ON_BICYCLE
1556793291963,0.04,ON_FOOT
1556793291963,0.04,WALKING
1556793291963,0.04,RUNNING
1556793310471,0.61,IN_VEHICLE
1556793310471,0.17,UNKNOWN
1556793310471,0.1,STILL
1556793310471,0.04,ON_BICYCLE
1556793310471,0.04,ON_FOOT
1556793310471,0.04,WALKING
1556793310471,0.04,RUNNING
1556793327776,1.0,TILTING
1556793345080,0.71,ON_FOOT
1556793345080,0.71,WALKING
1556793345080,0.11,UNKNOWN
1556793345080,0.04,IN_VEHICLE
1556793345080,0.04,ON_BICYCLE
1556793345080,0.04,STILL
1556793345080,0.04,RUNNING
1556793352645,1.0,TILTING
1556793360209,0.99,ON_FOOT
1556793360209,0.99,WALKING
1556793360209,0.01,UNKNOWN
1556793367791,1.0,TILTING
1556793375373,0.97,ON_FOOT
1556793375373,0.97,WALKING
1556793375373,0.02,ON_BICYCLE
1556793375373,0.01,UNKNOWN
1556793382942,1.0,TILTING
1556793390511,0.87,ON_FOOT
1556793390511,0.87,WALKING
1556793390511,0.04,STILL
1556793390511,0.03,UNKNOWN
1556793390511,0.02,IN_VEHICLE
1556793390511,0.02,ON_BICYCLE
1556793390511,0.01,RUNNING
1556793395015,0.97,ON_FOOT
1556793395015,0.97,WALKING
1556793395015,0.02,UNKNOWN
1556793395015,0.01,STILL
1556793399503,0.94,ON_FOOT
1556793399503,0.94,WALKING
1556793399503,0.02,STILL
1556793399503,0.02,UNKNOWN
1556793399503,0.01,IN_VEHICLE
1556793399503,0.01,ON_BICYCLE
1556793404001,0.94,ON_FOOT
1556793404001,0.94,WALKING
1556793404001,0.02,STILL
1556793404001,0.02,UNKNOWN
1556793404001,0.01,IN_VEHICLE
1556793404001,0.01,ON_BICYCLE
1556793408057,0.97,ON_FOOT
1556793408057,0.97,WALKING
1556793408057,0.02,UNKNOWN
1556793408057,0.01,RUNNING
1556793421168,0.54,ON_FOOT
1556793421168,0.54,WALKING
1556793421168,0.21,UNKNOWN
1556793421168,0.06,RUNNING
1556793421168,0.05,IN_VEHICLE
1556793421168,0.05,ON_BICYCLE
1556793421168,0.05,STILL
1556793437153,1.0,TILTING
1556793453138,0.31,UNKNOWN
1556793453138,0.28,ON_FOOT
1556793453138,0.28,WALKING
1556793453138,0.1,STILL
1556793453138,0.09,ON_BICYCLE
1556793453138,0.08,IN_VEHICLE
1556793453138,0.08,RUNNING
1556793466501,1.0,TILTING
1556793479864,0.71,STILL
1556793479864,0.22,ON_FOOT
1556793479864,0.22,WALKING
1556793479864,0.03,IN_VEHICLE
1556793479864,0.01,ON_BICYCLE
1556793479864,0.01,UNKNOWN
1556793479864,0.0,RUNNING
1556793495095,0.8,STILL
1556793495095,0.08,IN_VEHICLE
1556793495095,0.06,ON_FOOT
1556793495095,0.06,WALKING
1556793495095,0.02,ON_BICYCLE
1556793495095,0.01,UNKNOWN
1556793510233,1.0,STILL
1556793525342,1.0,STILL
1556793540752,1.0,STILL
1556793555912,1.0,STILL
1556793579262,0.55,STILL
1556793579262,0.2,UNKNOWN
1556793579262,0.05,IN_VEHICLE
1556793579262,0.05,ON_BICYCLE
1556793579262,0.05,ON_FOOT
1556793579262,0.05,WALKING
1556793579262,0.05,RUNNING
1556793611196,0.48,STILL
1556793611196,0.26,ON_FOOT
1556793611196,0.26,WALKING
1556793611196,0.12,IN_VEHICLE
1556793611196,0.02,ON_BICYCLE
1556793611196,0.02,UNKNOWN
1556793626339,0.63,STILL
1556793626339,0.22,IN_VEHICLE
1556793626339,0.07,ON_FOOT
1556793626339,0.07,WALKING
1556793626339,0.02,UNKNOWN
1556793626339,0.01,ON_BICYCLE
1556793641528,1.0,STILL
1556793656683,1.0,STILL
1556793671839,1.0,STILL
1556793686978,1.0,STILL
1556793702111,1.0,STILL
1556793717275,1.0,STILL
1556793732443,1.0,STILL
1556793747581,0.93,STILL
1556793747581,0.05,ON_FOOT
1556793747581,0.05,WALKING
1556793747581,0.01,ON_BICYCLE
1556793747581,0.01,UNKNOWN
1556793763085,1.0,STILL
1556793776948,1.0,STILL
1556793792170,1.0,STILL
1556793808047,1.0,STILL
1556793823196,1.0,STILL
1556793838347,1.0,STILL
1556793853470,1.0,STILL
1556793868580,1.0,STILL
1556793883660,1.0,STILL
1556793898739,1.0,STILL
1556793913823,1.0,STILL
1556793928922,1.0,STILL
1556793943991,1.0,STILL
1556793959101,1.0,STILL
1556793974237,1.0,STILL
1556794115512,1.0,STILL
1556794814767,1.0,STILL
1556795924010,1.0,STILL
1556796613861,1.0,STILL
1556797201471,1.0,STILL
1556799002233,1.0,STILL
1556799513752,1.0,STILL
1556799608012,1.0,STILL
1556797034326,1.0,TILTING
1556800094414,0.65,ON_FOOT
1556800094414,0.65,WALKING
1556800094414,0.12,UNKNOWN
1556800094414,0.09,ON_BICYCLE
1556800094414,0.05,STILL
1556800094414,0.04,IN_VEHICLE
1556800094414,0.03,RUNNING
1556800115432,1.0,TILTING
1556800136450,0.34,ON_FOOT
1556800136450,0.34,WALKING
1556800136450,0.29,STILL
1556800136450,0.12,IN_VEHICLE
1556800136450,0.11,UNKNOWN
1556800136450,0.05,ON_BICYCLE
1556800136450,0.03,RUNNING
1556800165377,0.93,ON_FOOT
1556800165377,0.93,WALKING
1556800165377,0.03,STILL
1556800165377,0.02,UNKNOWN
1556800165377,0.01,IN_VEHICLE
1556800165377,0.01,ON_BICYCLE
1556800169875,0.93,ON_FOOT
1556800169875,0.93,WALKING
1556800169875,0.03,STILL
1556800169875,0.02,UNKNOWN
1556800169875,0.01,IN_VEHICLE
1556800169875,0.01,ON_BICYCLE
1556800202246,0.55,STILL
1556800202246,0.12,IN_VEHICLE
1556800202246,0.11,UNKNOWN
1556800202246,0.08,ON_BICYCLE
1556800202246,0.06,ON_FOOT
1556800202246,0.06,WALKING
1556800202246,0.03,RUNNING
1556800217386,0.42,ON_FOOT
1556800217386,0.42,WALKING
1556800217386,0.33,STILL
1556800217386,0.11,UNKNOWN
1556800217386,0.04,IN_VEHICLE
1556800217386,0.04,ON_BICYCLE
1556800217386,0.03,RUNNING
1556800236120,0.54,ON_FOOT
1556800236120,0.54,WALKING
1556800236120,0.21,UNKNOWN
1556800236120,0.05,IN_VEHICLE
1556800236120,0.05,ON_BICYCLE
1556800236120,0.05,STILL
1556800236120,0.05,RUNNING
1556800240042,0.98,ON_FOOT
1556800240042,0.98,WALKING
1556800240042,0.02,UNKNOWN
1556800245871,0.91,ON_FOOT
1556800245871,0.91,WALKING
1556800245871,0.04,STILL
1556800245871,0.02,ON_BICYCLE
1556800245871,0.01,IN_VEHICLE
1556800245871,0.01,UNKNOWN
1556800269518,0.31,UNKNOWN
1556800269518,0.25,IN_VEHICLE
1556800269518,0.09,STILL
1556800269518,0.08,ON_BICYCLE
1556800269518,0.08,ON_FOOT
1556800269518,0.08,WALKING
1556800269518,0.08,RUNNING
1556800284746,0.81,STILL
1556800284746,0.07,IN_VEHICLE
1556800284746,0.07,ON_FOOT
1556800284746,0.07,WALKING
1556800284746,0.02,ON_BICYCLE
1556800284746,0.01,UNKNOWN
1556800299840,1.0,STILL
1556800314931,0.25,STILL
1556800314931,0.22,IN_VEHICLE
1556800314931,0.21,UNKNOWN
1556800314931,0.13,ON_FOOT
1556800314931,0.13,WALKING
1556800314931,0.07,ON_BICYCLE
1556800314931,0.05,RUNNING
1556800330055,1.0,STILL
1556800345141,1.0,STILL
1556800360220,1.0,STILL
1556800375331,1.0,STILL
1556800390424,1.0,STILL
1556800405535,0.41,STILL
1556800405535,0.21,IN_VEHICLE
1556800405535,0.21,ON_FOOT
1556800405535,0.21,WALKING
1556800405535,0.03,ON_BICYCLE
1556800405535,0.02,UNKNOWN
1556800420631,0.96,STILL
1556800420631,0.02,ON_FOOT
1556800420631,0.02,WALKING
1556800420631,0.01,IN_VEHICLE
1556800420631,0.01,UNKNOWN
1556800435692,0.5,STILL
1556800435692,0.21,UNKNOWN
1556800435692,0.08,ON_FOOT
1556800435692,0.08,WALKING
1556800435692,0.06,IN_VEHICLE
1556800435692,0.05,ON_BICYCLE
1556800435692,0.05,RUNNING
1556800450758,0.27,UNKNOWN
1556800450758,0.19,STILL
1556800450758,0.17,ON_FOOT
1556800450758,0.17,WALKING
1556800450758,0.12,IN_VEHICLE
1556800450758,0.08,ON_BICYCLE
1556800450758,0.07,RUNNING
1556800465811,0.44,STILL
1556800465811,0.15,ON_FOOT
1556800465811,0.15,WALKING
1556800465811,0.13,IN_VEHICLE
1556800465811,0.12,UNKNOWN
1556800465811,0.04,ON_BICYCLE
1556800465811,0.03,RUNNING
1556800480894,0.41,STILL
1556800480894,0.36,ON_FOOT
1556800480894,0.36,WALKING
1556800480894,0.1,IN_VEHICLE
1556800480894,0.02,ON_BICYCLE
1556800480894,0.02,UNKNOWN
1556800488458,1.0,TILTING
1556800496021,0.73,STILL
1556800496021,0.12,ON_FOOT
1556800496021,0.12,WALKING
1556800496021,0.06,IN_VEHICLE
1556800496021,0.03,UNKNOWN
1556800496021,0.02,ON_BICYCLE
1556800511461,1.0,STILL
1556800526635,1.0,STILL
1556800541756,1.0,STILL
1556800556898,1.0,STILL
1556800573808,1.0,STILL
1556800588917,1.0,STILL
1556800604069,1.0,STILL
1556800619185,1.0,STILL
1556800634318,1.0,STILL
1556800649432,1.0,STILL
1556800678314,0.54,STILL
1556800678314,0.17,IN_VEHICLE
1556800678314,0.1,ON_FOOT
1556800678314,0.1,WALKING
1556800678314,0.04,ON_BICYCLE
1556800678314,0.01,UNKNOWN
1556800678314,0.01,RUNNING
1556800692902,1.0,STILL
1556800711239,1.0,STILL
1556800729620,1.0,STILL
1556800744772,1.0,STILL
1556800759910,1.0,STILL
1556800775055,1.0,STILL
1556800790172,1.0,STILL
1556800805351,1.0,STILL
1556800820506,1.0,STILL
1556800835637,1.0,STILL
1556800850769,1.0,STILL
1556800865929,1.0,STILL
1556800874928,1.0,STILL
1556800890032,1.0,STILL
1556800905183,1.0,STILL
1556800920298,1.0,STILL
1556800935464,1.0,STILL
1556800950652,1.0,STILL
1556800965845,1.0,STILL
1556800980966,1.0,STILL
1556801251656,1.0,STILL
1556801253790,1.0,STILL
1556802076009,1.0,STILL
1556802646935,1.0,STILL
1556803118111,1.0,STILL
1556803802007,1.0,STILL
1556803802064,1.0,STILL
1556803826771,1.0,STILL
1556802469582,1.0,TILTING
1556803958198,0.93,ON_FOOT
1556803958198,0.93,WALKING
1556803958198,0.03,STILL
1556803958198,0.02,UNKNOWN
1556803958198,0.01,RUNNING
1556803958198,0.0,ON_BICYCLE
1556803967703,1.0,TILTING
1556803977208,0.96,ON_FOOT
1556803977208,0.96,WALKING
1556803977208,0.02,STILL
1556803977208,0.02,UNKNOWN
1556803990129,0.95,ON_FOOT
1556803990129,0.95,WALKING
1556803990129,0.02,STILL
1556803990129,0.02,UNKNOWN
1556803990129,0.01,ON_BICYCLE
1556804005247,0.8,ON_FOOT
1556804005247,0.8,WALKING
1556804005247,0.1,STILL
1556804005247,0.04,ON_BICYCLE
1556804005247,0.02,IN_VEHICLE
1556804005247,0.02,UNKNOWN
1556804017365,0.92,ON_FOOT
1556804017365,0.92,WALKING
1556804017365,0.04,STILL
1556804017365,0.03,UNKNOWN
1556804017365,0.01,ON_BICYCLE
1556804032445,0.86,ON_FOOT
1556804032445,0.86,WALKING
1556804032445,0.06,STILL
1556804032445,0.03,IN_VEHICLE
1556804032445,0.02,ON_BICYCLE
1556804032445,0.02,UNKNOWN
1556804049382,0.96,ON_FOOT
1556804049382,0.96,WALKING
1556804049382,0.02,UNKNOWN
1556804049382,0.01,ON_BICYCLE
1556804049382,0.01,STILL
1556804067567,0.61,ON_FOOT
1556804067567,0.61,WALKING
1556804067567,0.19,STILL
1556804067567,0.1,UNKNOWN
1556804067567,0.03,IN_VEHICLE
1556804067567,0.03,ON_BICYCLE
1556804067567,0.02,RUNNING
1556804082684,0.83,ON_FOOT
1556804082684,0.83,WALKING
1556804082684,0.13,STILL
1556804082684,0.02,UNKNOWN
1556804082684,0.01,IN_VEHICLE
1556804099710,0.54,ON_FOOT
1556804099710,0.54,WALKING
1556804099710,0.21,UNKNOWN
1556804099710,0.06,STILL
1556804099710,0.06,RUNNING
1556804099710,0.05,IN_VEHICLE
1556804099710,0.05,ON_BICYCLE
1556804111029,0.94,ON_FOOT
1556804111029,0.94,WALKING
1556804111029,0.04,STILL
1556804111029,0.02,UNKNOWN
1556804126590,0.64,ON_FOOT
1556804126590,0.64,WALKING
1556804126590,0.25,STILL
1556804126590,0.03,IN_VEHICLE
1556804126590,0.03,UNKNOWN
1556804126590,0.02,ON_BICYCLE
1556804126590,0.01,RUNNING
1556804139496,0.48,ON_FOOT
1556804139496,0.48,WALKING
1556804139496,0.21,UNKNOWN
1556804139496,0.1,STILL
1556804139496,0.06,IN_VEHICLE
1556804139496,0.06,ON_BICYCLE
1556804139496,0.05,RUNNING
1556804154605,0.48,ON_FOOT
1556804154605,0.48,WALKING
1556804154605,0.21,UNKNOWN
1556804154605,0.11,STILL
1556804154605,0.06,IN_VEHICLE
1556804154605,0.05,ON_BICYCLE
1556804154605,0.05,RUNNING
1556804170054,0.43,STILL
1556804170054,0.27,ON_FOOT
1556804170054,0.27,WALKING
1556804170054,0.11,IN_VEHICLE
1556804170054,0.11,UNKNOWN
1556804170054,0.03,ON_BICYCLE
1556804170054,0.03,RUNNING
1556804185733,1.0,STILL
1556804201151,1.0,STILL
1556804216275,0.57,STILL
1556804216275,0.29,IN_VEHICLE
1556804216275,0.06,ON_FOOT
1556804216275,0.06,WALKING
1556804216275,0.02,ON_BICYCLE
1556804216275,0.02,UNKNOWN
1556804223810,1.0,TILTING
1556804231344,0.55,STILL
1556804231344,0.2,UNKNOWN
1556804231344,0.05,IN_VEHICLE
1556804231344,0.05,ON_BICYCLE
1556804231344,0.05,ON_FOOT
1556804231344,0.05,WALKING
1556804231344,0.05,RUNNING
1556804246510,0.59,STILL
1556804246510,0.16,IN_VEHICLE
1556804246510,0.09,ON_FOOT
1556804246510,0.09,WALKING
1556804246510,0.02,ON_BICYCLE
1556804246510,0.02,UNKNOWN
1556804261593,0.7,STILL
1556804261593,0.12,IN_VEHICLE
1556804261593,0.04,ON_FOOT
1556804261593,0.04,WALKING
1556804261593,0.02,UNKNOWN
1556804261593,0.01,ON_BICYCLE
1556804275702,0.52,STILL
1556804275702,0.2,UNKNOWN
1556804275702,0.07,IN_VEHICLE
1556804275702,0.07,ON_FOOT
1556804275702,0.07,WALKING
1556804275702,0.05,ON_BICYCLE
1556804275702,0.05,RUNNING
1556804283333,1.0,TILTING
1556804290963,0.48,ON_FOOT
1556804290963,0.48,WALKING
1556804290963,0.29,STILL
1556804290963,0.11,UNKNOWN
1556804290963,0.04,IN_VEHICLE
1556804290963,0.03,ON_BICYCLE
1556804290963,0.03,RUNNING
1556804298919,1.0,TILTING
1556804306875,0.81,ON_FOOT
1556804306875,0.81,WALKING
1556804306875,0.09,STILL
1556804306875,0.06,IN_VEHICLE
1556804306875,0.02,UNKNOWN
1556804319504,0.31,UNKNOWN
1556804319504,0.16,STILL
1556804319504,0.14,IN_VEHICLE
1556804319504,0.13,ON_FOOT
1556804319504,0.13,WALKING
1556804319504,0.09,ON_BICYCLE
1556804319504,0.08,RUNNING
1556804334591,0.38,STILL
1556804334591,0.18,IN_VEHICLE
1556804334591,0.14,ON_FOOT
1556804334591,0.14,WALKING
1556804334591,0.12,UNKNOWN
1556804334591,0.05,ON_BICYCLE
1556804334591,0.03,RUNNING
1556804351195,0.28,ON_FOOT
1556804351195,0.28,WALKING
1556804351195,0.26,STILL
1556804351195,0.17,UNKNOWN
1556804351195,0.11,IN_VEHICLE
1556804351195,0.05,ON_BICYCLE
1556804351195,0.04,RUNNING
1556804366803,0.85,ON_FOOT
1556804366803,0.85,WALKING
1556804366803,0.08,STILL
1556804366803,0.03,IN_VEHICLE
1556804366803,0.01,ON_BICYCLE
1556804366803,0.01,UNKNOWN
1556804381957,0.35,ON_FOOT
1556804381957,0.35,WALKING
1556804381957,0.27,UNKNOWN
1556804381957,0.1,STILL
1556804381957,0.07,IN_VEHICLE
1556804381957,0.07,ON_BICYCLE
1556804381957,0.07,RUNNING
1556804398013,0.34,STILL
1556804398013,0.21,UNKNOWN
1556804398013,0.13,IN_VEHICLE
1556804398013,0.13,ON_FOOT
1556804398013,0.13,WALKING
1556804398013,0.06,ON_BICYCLE
1556804398013,0.05,RUNNING
1556804414644,0.37,STILL
1556804414644,0.22,ON_FOOT
1556804414644,0.22,WALKING
1556804414644,0.17,UNKNOWN
1556804414644,0.1,IN_VEHICLE
1556804414644,0.04,ON_BICYCLE
1556804414644,0.04,RUNNING
1556804429756,0.42,STILL
1556804429756,0.24,ON_FOOT
1556804429756,0.24,WALKING
1556804429756,0.17,UNKNOWN
1556804429756,0.06,IN_VEHICLE
1556804429756,0.04,ON_BICYCLE
1556804429756,0.04,RUNNING
1556804444843,0.8,STILL
1556804444843,0.1,IN_VEHICLE
1556804444843,0.07,ON_FOOT
1556804444843,0.07,WALKING
1556804444843,0.01,UNKNOWN
1556804459918,0.64,STILL
1556804459918,0.17,ON_FOOT
1556804459918,0.17,WALKING
1556804459918,0.1,IN_VEHICLE
1556804459918,0.04,ON_BICYCLE
1556804459918,0.02,UNKNOWN
1556804475001,0.48,STILL
1556804475001,0.21,UNKNOWN
1556804475001,0.11,IN_VEHICLE
1556804475001,0.05,ON_BICYCLE
1556804475001,0.05,ON_FOOT
1556804475001,0.05,WALKING
1556804475001,0.05,RUNNING
1556804490075,0.91,STILL
1556804490075,0.07,ON_FOOT
1556804490075,0.07,WALKING
1556804490075,0.01,IN_VEHICLE
1556804490075,0.01,UNKNOWN
1556804505159,0.68,STILL
1556804505159,0.23,ON_FOOT
1556804505159,0.23,WALKING
1556804505159,0.04,IN_VEHICLE
1556804505159,0.02,UNKNOWN
1556804505159,0.01,ON_BICYCLE
1556804520265,0.29,STILL
1556804520265,0.25,ON_FOOT
1556804520265,0.25,WALKING
1556804520265,0.21,UNKNOWN
1556804520265,0.08,IN_VEHICLE
1556804520265,0.06,ON_BICYCLE
1556804520265,0.05,RUNNING
1556804537049,0.89,ON_FOOT
1556804537049,0.89,WALKING
1556804537049,0.07,STILL
1556804537049,0.02,UNKNOWN
1556804537049,0.01,IN_VEHICLE
1556804544874,1.0,TILTING
1556804552699,0.92,ON_FOOT
1556804552699,0.92,WALKING
1556804552699,0.04,STILL
1556804552699,0.02,UNKNOWN
1556804552699,0.01,IN_VEHICLE
1556804552699,0.01,ON_BICYCLE
1556804558237,1.0,TILTING
1556804563775,0.96,ON_FOOT
1556804563775,0.96,WALKING
1556804563775,0.01,ON_BICYCLE
1556804563775,0.01,STILL
1556804563775,0.01,UNKNOWN
1556804563775,0.01,RUNNING
1556804571107,1.0,TILTING
1556804578439,0.7,ON_FOOT
1556804578439,0.7,WALKING
1556804578439,0.27,STILL
1556804578439,0.02,UNKNOWN
1556804578439,0.01,IN_VEHICLE
1556804578439,0.01,ON_BICYCLE
1556804578439,0.01,RUNNING
1556804594801,1.0,STILL
1556804609965,0.9,STILL
1556804609965,0.05,ON_BICYCLE
1556804609965,0.04,ON_FOOT
1556804609965,0.04,WALKING
1556804609965,0.01,UNKNOWN
1556804625099,1.0,STILL
1556804640264,1.0,STILL
1556804655465,1.0,STILL
1556804670640,1.0,STILL
1556804685757,1.0,STILL
1556804700912,1.0,STILL
1556804716054,1.0,STILL
1556804731180,1.0,STILL
1556804747375,1.0,STILL
1556804762521,1.0,STILL
1556804777662,1.0,STILL
1556804792793,1.0,STILL
1556804807957,1.0,STILL
1556804823102,1.0,STILL
1556804838237,0.9,STILL
1556804838237,0.05,ON_FOOT
1556804838237,0.05,WALKING
1556804838237,0.03,UNKNOWN
1556804838237,0.01,IN_VEHICLE
1556804838237,0.01,ON_BICYCLE
1556804853389,1.0,STILL
1556804868589,1.0,STILL
1556804883741,1.0,STILL
1556804904980,1.0,STILL
1556804920109,1.0,STILL
1556804935258,1.0,STILL
1556804950414,1.0,STILL
1556804965566,1.0,STILL
1556804980692,1.0,STILL
1556804995857,1.0,STILL
1556805010948,1.0,STILL
1556805026072,1.0,STILL
1556805041216,1.0,STILL
1556805056355,1.0,STILL
1556805071495,1.0,STILL
1556805086783,1.0,STILL
1556806213299,1.0,STILL
1556806613591,1.0,STILL
1556806614921,1.0,STILL
1556808188667,1.0,STILL
1556809202574,1.0,STILL
1556810317428,1.0,STILL
1556811629206,1.0,STILL
1556811631564,1.0,STILL
1556811750899,0.28,ON_FOOT
1556811750899,0.28,WALKING
1556811750899,0.22,STILL
1556811750899,0.21,UNKNOWN
1556811750899,0.11,IN_VEHICLE
1556811750899,0.06,ON_BICYCLE
1556811750899,0.05,RUNNING
1556811773087,0.98,ON_FOOT
1556811773087,0.98,WALKING
1556811773087,0.01,STILL
1556811773087,0.01,UNKNOWN
1556811788241,0.38,ON_FOOT
1556811788241,0.38,WALKING
1556811788241,0.27,UNKNOWN
1556811788241,0.08,STILL
1556811788241,0.07,IN_VEHICLE
1556811788241,0.07,ON_BICYCLE
1556811788241,0.07,RUNNING
1556811803622,0.76,ON_FOOT
1556811803622,0.76,WALKING
1556811803622,0.1,STILL
1556811803622,0.05,ON_BICYCLE
1556811803622,0.04,UNKNOWN
1556811803622,0.03,IN_VEHICLE
1556811811150,1.0,TILTING
1556811818677,0.99,ON_FOOT
1556811818677,0.99,WALKING
1556811818677,0.01,UNKNOWN
1556811825423,1.0,TILTING
1556811832168,0.84,ON_FOOT
1556811832168,0.84,WALKING
1556811832168,0.05,STILL
1556811832168,0.03,ON_BICYCLE
1556811832168,0.03,UNKNOWN
1556811832168,0.02,IN_VEHICLE
1556811832168,0.02,RUNNING
1556811839993,1.0,TILTING
1556811847817,0.32,ON_FOOT
1556811847817,0.32,WALKING
1556811847817,0.3,UNKNOWN
1556811847817,0.08,IN_VEHICLE
1556811847817,0.08,ON_BICYCLE
1556811847817,0.08,STILL
1556811847817,0.08,RUNNING
1556811863339,0.99,ON_FOOT
1556811863339,0.99,WALKING
1556811863339,0.01,UNKNOWN
1556811870981,1.0,TILTING
1556811878623,1.0,ON_FOOT
1556811878623,1.0,WALKING
1556811886226,1.0,TILTING
1556811893829,0.76,ON_FOOT
1556811893829,0.76,WALKING
1556811893829,0.09,STILL
1556811893829,0.06,IN_VEHICLE
1556811893829,0.03,ON_BICYCLE
1556811893829,0.02,UNKNOWN
1556811909152,0.35,ON_FOOT
1556811909152,0.35,WALKING
1556811909152,0.21,UNKNOWN
1556811909152,0.12,STILL
1556811909152,0.11,IN_VEHICLE
1556811909152,0.09,ON_BICYCLE
1556811909152,0.05,RUNNING
1556811924507,0.61,IN_VEHICLE
1556811924507,0.17,UNKNOWN
1556811924507,0.1,STILL
1556811924507,0.04,ON_BICYCLE
1556811924507,0.04,ON_FOOT
1556811924507,0.04,WALKING
1556811924507,0.04,RUNNING
1556811939918,1.0,IN_VEHICLE
1556811939918,0.07,STILL
1556811955160,0.61,IN_VEHICLE
1556811955160,0.17,UNKNOWN
1556811955160,0.1,STILL
1556811955160,0.04,ON_BICYCLE
1556811955160,0.04,ON_FOOT
1556811955160,0.04,WALKING
1556811955160,0.04,RUNNING
1556811970984,0.61,IN_VEHICLE
1556811970984,0.17,UNKNOWN
1556811970984,0.1,STILL
1556811970984,0.04,ON_BICYCLE
1556811970984,0.04,ON_FOOT
1556811970984,0.04,WALKING
1556811970984,0.04,RUNNING
1556811987033,0.61,IN_VEHICLE
1556811987033,0.17,UNKNOWN
1556811987033,0.1,STILL
1556811987033,0.04,ON_BICYCLE
1556811987033,0.04,ON_FOOT
1556811987033,0.04,WALKING
1556811987033,0.04,RUNNING
1556812002446,1.0,IN_VEHICLE
1556812017746,0.61,IN_VEHICLE
1556812017746,0.17,UNKNOWN
1556812017746,0.1,STILL
1556812017746,0.04,ON_BICYCLE
1556812017746,0.04,ON_FOOT
1556812017746,0.04,WALKING
1556812017746,0.04,RUNNING
1556812033080,0.61,IN_VEHICLE
1556812033080,0.17,UNKNOWN
1556812033080,0.1,STILL
1556812033080,0.04,ON_BICYCLE
1556812033080,0.04,ON_FOOT
1556812033080,0.04,WALKING
1556812033080,0.04,RUNNING
1556812048423,0.61,IN_VEHICLE
1556812048423,0.17,UNKNOWN
1556812048423,0.1,STILL
1556812048423,0.04,ON_BICYCLE
1556812048423,0.04,ON_FOOT
1556812048423,0.04,WALKING
1556812048423,0.04,RUNNING
1556812056297,1.0,TILTING
1556812064170,0.32,ON_FOOT
1556812064170,0.32,WALKING
1556812064170,0.3,UNKNOWN
1556812064170,0.08,IN_VEHICLE
1556812064170,0.08,ON_BICYCLE
1556812064170,0.08,STILL
1556812064170,0.08,RUNNING
1556812084572,0.85,ON_FOOT
1556812084572,0.85,WALKING
1556812084572,0.14,RUNNING
1556812084572,0.01,UNKNOWN
1556812099935,0.98,ON_FOOT
1556812099935,0.98,WALKING
1556812099935,0.02,UNKNOWN
1556812108218,1.0,TILTING
1556812116501,0.98,ON_FOOT
1556812116501,0.98,WALKING
1556812116501,0.01,UNKNOWN
1556812116501,0.01,RUNNING
1556812132114,0.94,ON_FOOT
1556812132114,0.94,WALKING
1556812132114,0.03,STILL
1556812132114,0.01,ON_BICYCLE
1556812132114,0.01,UNKNOWN
1556812132114,0.01,RUNNING
1556812140284,1.0,TILTING
1556812148454,0.37,ON_FOOT
1556812148454,0.37,WALKING
1556812148454,0.27,UNKNOWN
1556812148454,0.08,STILL
1556812148454,0.07,IN_VEHICLE
1556812148454,0.07,ON_BICYCLE
1556812148454,0.07,RUNNING
1556812163973,0.32,STILL
1556812163973,0.3,UNKNOWN
1556812163973,0.08,IN_VEHICLE
1556812163973,0.08,ON_BICYCLE
1556812163973,0.08,ON_FOOT
1556812163973,0.08,WALKING
1556812163973,0.08,RUNNING
1556812179092,0.54,ON_FOOT
1556812179092,0.54,WALKING
1556812179092,0.21,UNKNOWN
1556812179092,0.05,IN_VEHICLE
1556812179092,0.05,ON_BICYCLE
1556812179092,0.05,STILL
1556812179092,0.05,RUNNING
1556812191049,0.54,ON_FOOT
1556812191049,0.54,WALKING
1556812191049,0.21,UNKNOWN
1556812191049,0.06,STILL
1556812191049,0.05,IN_VEHICLE
1556812191049,0.05,ON_BICYCLE
1556812191049,0.05,RUNNING
1556812202370,0.61,ON_FOOT
1556812202370,0.61,WALKING
1556812202370,0.22,STILL
1556812202370,0.09,UNKNOWN
1556812202370,0.02,IN_VEHICLE
1556812202370,0.02,ON_BICYCLE
1556812202370,0.02,RUNNING
1556812217981,0.95,STILL
1556812217981,0.02,IN_VEHICLE
1556812217981,0.01,ON_BICYCLE
1556812217981,0.01,ON_FOOT
1556812217981,0.01,UNKNOWN
1556812217981,0.01,WALKING
1556812233398,1.0,STILL
1556812249046,1.0,STILL
1556812264555,1.0,STILL
1556812281281,1.0,STILL
1556812296724,1.0,STILL
1556812312205,1.0,STILL
1556812327784,1.0,STILL
1556812343268,1.0,STILL
1556812358381,1.0,STILL
1556812373939,1.0,STILL
1556812389412,1.0,STILL
1556812404913,1.0,STILL
1556812420028,1.0,STILL
1556812435473,1.0,STILL
1556812450983,1.0,STILL
1556812466496,1.0,STILL
1556812481949,1.0,STILL
1556812497536,1.0,STILL
1556812513064,1.0,STILL
1556812528180,1.0,STILL
1556812543675,1.0,STILL
1556812559150,1.0,STILL
1556812574609,1.0,STILL
1556812590128,1.0,STILL
1556812605585,1.0,STILL
1556812621103,1.0,STILL
1556812636198,1.0,STILL
1556812651379,1.0,STILL
1556812666891,1.0,STILL
1556812682427,1.0,STILL
1556812697900,1.0,STILL
1556812713017,1.0,STILL
1556813413455,1.0,STILL
1556813917114,1.0,STILL
1556815235481,1.0,STILL
1556815693611,1.0,STILL
1556815820870,1.0,STILL
1556816430375,1.0,STILL
1556816430418,1.0,STILL
1556817514400,1.0,STILL
1556817514447,1.0,STILL
1556818483159,1.0,STILL
1556819314058,1.0,STILL
1556819314127,1.0,STILL
1556820002278,1.0,STILL
1556820002346,1.0,STILL
1556820612704,1.0,STILL
1556821115034,1.0,STILL
1556821115066,1.0,STILL
1556821855210,1.0,STILL
1556821855267,1.0,STILL
1556822914173,1.0,STILL
1556824213615,1.0,STILL
1556824679784,1.0,STILL
1556824875322,1.0,STILL
1556824875371,1.0,STILL
1556826489966,1.0,STILL
1556827214802,1.0,STILL
1556827214844,1.0,STILL
1556827820236,1.0,STILL
1556829003148,1.0,STILL
1556830111001,1.0,STILL
1556830803379,1.0,STILL
1556830803420,1.0,STILL
1556831414008,1.0,STILL
1556832602093,1.0,STILL
1556833513206,1.0,STILL
1556836201972,1.0,STILL
1556837894587,1.0,STILL
1556838288651,1.0,STILL
1556829483495,1.0,TILTING
